RESOURCE_OBSERVATION {"admission_gate": "disabled_by_user_2026-08-28", "disk_available_bytes": 5478490112, "gradle_label": "standard", "inode_available": 2347369, "mem_available_bytes": 1274216448, "swap_free_bytes": 375263232, "telemetry_errors": []}
GRADLE_LOCK_ACQUIRED task=MMD-U2-API-TYPED-ATOMIC-FOLLOWUP-V1-SOURCE-20261001 pid=2857730
Picked up JAVA_TOOL_OPTIONS: -XX:-UseJVMCICompiler
Initialized native services in: /root/.gradle/native
Initialized jansi services in: /root/.gradle/native
To honour the JVM settings for this build a single-use Daemon process will be forked. For more on this, please refer to https://docs.gradle.org/9.3.1/userguide/gradle_daemon.html#sec:disabling_the_daemon in the Gradle documentation.
Starting process 'Gradle build daemon'. Working directory: /root/.gradle/daemon/9.3.1 Command: /home/isp/apps/jdk21/bin/java --add-opens=java.base/java.lang=ALL-UNNAMED --add-opens=java.base/java.lang.invoke=ALL-UNNAMED --add-opens=java.base/java.util=ALL-UNNAMED --add-opens=java.prefs/java.util.prefs=ALL-UNNAMED --add-exports=jdk.compiler/com.sun.tools.javac.api=ALL-UNNAMED --add-exports=jdk.compiler/com.sun.tools.javac.util=ALL-UNNAMED --add-opens=java.base/java.util=ALL-UNNAMED --add-opens=java.prefs/java.util.prefs=ALL-UNNAMED --add-opens=java.base/java.nio.charset=ALL-UNNAMED --add-opens=java.base/java.net=ALL-UNNAMED --add-opens=java.base/java.util.concurrent=ALL-UNNAMED --add-opens=java.base/java.util.concurrent.atomic=ALL-UNNAMED --add-opens=java.xml/javax.xml.namespace=ALL-UNNAMED --add-opens=java.base/java.time=ALL-UNNAMED -XX:MaxMetaspaceSize=128m -XX:+UseSerialGC -XX:ActiveProcessorCount=2 -Xss256k -Xmx128m -Dfile.encoding=UTF-8 -Duser.country=CN -Duser.language=zh -Duser.variant -cp /root/.gradle/wrapper/dists/gradle-9.3.1-bin/e6fpmcitnr2cbhj7h6pdk7btv/gradle-9.3.1/lib/gradle-daemon-main-9.3.1.jar -javaagent:/root/.gradle/wrapper/dists/gradle-9.3.1-bin/e6fpmcitnr2cbhj7h6pdk7btv/gradle-9.3.1/lib/agents/gradle-instrumentation-agent-9.3.1.jar org.gradle.launcher.daemon.bootstrap.GradleDaemon 9.3.1
Successfully started process 'Gradle build daemon'
An attempt to start the daemon took 2.294 secs.
The client will now receive all logging from the daemon (pid: 2857794). The daemon log file: /root/.gradle/daemon/9.3.1/daemon-2857794.out.log
Daemon will be stopped at the end of the build 
Using 1 worker leases.
Operational build model parameters: {requiresToolingModels=false, parallelProjectExecution=false, configureOnDemand=false, configurationCache=false, configurationCacheParallelStore=false, configurationCacheParallelLoad=true, isolatedProjects=false, parallelProjectConfiguration=false, intermediateModelCache=false, parallelToolingApiActions=false, invalidateCoupledProjects=false, modelAsProjectDependency=false, resilientModelBuilding=false}
Received JVM installation metadata from '/home/isp/apps/jdk21': {JAVA_HOME=/home/isp/apps/jdk21, JAVA_VERSION=21.0.8, JAVA_VENDOR=Oracle Corporation, RUNTIME_NAME=Java(TM) SE Runtime Environment, RUNTIME_VERSION=21.0.8+12-LTS-jvmci-23.1-b72, VM_NAME=Java HotSpot(TM) 64-Bit Server VM, VM_VERSION=21.0.8+12-LTS-jvmci-23.1-b72, VM_VENDOR=Oracle Corporation, OS_ARCH=amd64}
Watching the file system is configured to be enabled if available
Now considering [/home/isp/wsps/cyf/.worktrees/juyiting-multimedia-deliberation-20260928/api-consent-restart-catalog-owner-20261001] as hierarchies to watch
File system watching is active
Starting Build
Resolved plugin [id: 'cn.jia.jia-dependency-management', version: '1.1.2-SNAPSHOT']
Settings evaluated using settings file '/home/isp/wsps/cyf/.worktrees/juyiting-multimedia-deliberation-20260928/api-consent-restart-catalog-owner-20261001/settings.gradle'.
Projects loaded. Root project using build file '/home/isp/wsps/cyf/.worktrees/juyiting-multimedia-deliberation-20260928/api-consent-restart-catalog-owner-20261001/build.gradle'.
Included projects: [root project 'jia', project ':agent', project ':base', project ':chat', project ':common', project ':dwz', project ':economy', project ':isp', project ':kefu', project ':material', project ':oauth', project ':point', project ':sms', project ':starter', project ':task', project ':user', project ':workflow', project ':wx', project ':agent:jia-agent-api', project ':agent:jia-agent-core', project ':agent:jia-agent-mapper', project ':agent:jia-agent-service', project ':base:jia-base-api', project ':base:jia-base-core', project ':base:jia-base-mapper', project ':base:jia-base-service', project ':base:jia-base-starter', project ':chat:jia-chat-api', project ':chat:jia-chat-core', project ':chat:jia-chat-mapper', project ':chat:jia-chat-service', project ':chat:jia-chat-starter', project ':common:jia-common-api', project ':common:jia-common-core', project ':common:jia-common-mapper', project ':common:jia-common-service', project ':common:jia-common-starter', project ':common:jia-common-test', project ':dwz:jia-dwz-api', project ':dwz:jia-dwz-core', project ':dwz:jia-dwz-mapper', project ':dwz:jia-dwz-service', project ':dwz:jia-dwz-starter', project ':economy:jia-economy-api', project ':economy:jia-economy-core', project ':economy:jia-economy-mapper', project ':economy:jia-economy-service', project ':isp:jia-isp-api', project ':isp:jia-isp-core', project ':isp:jia-isp-mapper', project ':isp:jia-isp-service', project ':isp:jia-isp-starter', project ':kefu:jia-kefu-api', project ':kefu:jia-kefu-core', project ':kefu:jia-kefu-mapper', project ':kefu:jia-kefu-service', project ':material:jia-material-api', project ':material:jia-material-core', project ':material:jia-material-mapper', project ':material:jia-material-service', project ':material:jia-material-starter', project ':oauth:jia-oauth-api', project ':oauth:jia-oauth-client-starter', project ':oauth:jia-oauth-core', project ':oauth:jia-oauth-mapper', project ':oauth:jia-oauth-resource', project ':oauth:jia-oauth-resource-starter', project ':oauth:jia-oauth-server-starter', project ':oauth:jia-oauth-service', project ':point:jia-point-api', project ':point:jia-point-core', project ':point:jia-point-mapper', project ':point:jia-point-service', project ':sms:jia-sms-api', project ':sms:jia-sms-core', project ':sms:jia-sms-mapper', project ':sms:jia-sms-service', project ':sms:jia-sms-starter', project ':task:jia-task-api', project ':task:jia-task-core', project ':task:jia-task-mapper', project ':task:jia-task-service', project ':task:jia-task-starter', project ':user:jia-user-api', project ':user:jia-user-core', project ':user:jia-user-mapper', project ':user:jia-user-service', project ':user:jia-user-starter', project ':workflow:jia-workflow-api', project ':workflow:jia-workflow-core', project ':workflow:jia-workflow-service', project ':workflow:jia-workflow-starter', project ':wx:jia-wx-api', project ':wx:jia-wx-core', project ':wx:jia-wx-mapper', project ':wx:jia-wx-service']

> Configure project :
Evaluating root project 'jia' using build file '/home/isp/wsps/cyf/.worktrees/juyiting-multimedia-deliberation-20260928/api-consent-restart-catalog-owner-20261001/build.gradle'.

> Configure project :agent
Evaluating project ':agent' using build file '/home/isp/wsps/cyf/.worktrees/juyiting-multimedia-deliberation-20260928/api-consent-restart-catalog-owner-20261001/agent/build.gradle'.

> Configure project :base
Evaluating project ':base' using build file '/home/isp/wsps/cyf/.worktrees/juyiting-multimedia-deliberation-20260928/api-consent-restart-catalog-owner-20261001/base/build.gradle'.

> Configure project :chat
Evaluating project ':chat' using build file '/home/isp/wsps/cyf/.worktrees/juyiting-multimedia-deliberation-20260928/api-consent-restart-catalog-owner-20261001/chat/build.gradle'.

> Configure project :common
Evaluating project ':common' using build file '/home/isp/wsps/cyf/.worktrees/juyiting-multimedia-deliberation-20260928/api-consent-restart-catalog-owner-20261001/common/build.gradle'.

> Configure project :dwz
Evaluating project ':dwz' using build file '/home/isp/wsps/cyf/.worktrees/juyiting-multimedia-deliberation-20260928/api-consent-restart-catalog-owner-20261001/dwz/build.gradle'.

> Configure project :economy
Evaluating project ':economy' using build file '/home/isp/wsps/cyf/.worktrees/juyiting-multimedia-deliberation-20260928/api-consent-restart-catalog-owner-20261001/economy/build.gradle'.

> Configure project :isp
Evaluating project ':isp' using build file '/home/isp/wsps/cyf/.worktrees/juyiting-multimedia-deliberation-20260928/api-consent-restart-catalog-owner-20261001/isp/build.gradle'.

> Configure project :kefu
Evaluating project ':kefu' using build file '/home/isp/wsps/cyf/.worktrees/juyiting-multimedia-deliberation-20260928/api-consent-restart-catalog-owner-20261001/kefu/build.gradle'.

> Configure project :material
Evaluating project ':material' using build file '/home/isp/wsps/cyf/.worktrees/juyiting-multimedia-deliberation-20260928/api-consent-restart-catalog-owner-20261001/material/build.gradle'.

> Configure project :oauth
Evaluating project ':oauth' using build file '/home/isp/wsps/cyf/.worktrees/juyiting-multimedia-deliberation-20260928/api-consent-restart-catalog-owner-20261001/oauth/build.gradle'.

> Configure project :point
Evaluating project ':point' using build file '/home/isp/wsps/cyf/.worktrees/juyiting-multimedia-deliberation-20260928/api-consent-restart-catalog-owner-20261001/point/build.gradle'.

> Configure project :sms
Evaluating project ':sms' using build file '/home/isp/wsps/cyf/.worktrees/juyiting-multimedia-deliberation-20260928/api-consent-restart-catalog-owner-20261001/sms/build.gradle'.

> Configure project :starter
Evaluating project ':starter' using build file '/home/isp/wsps/cyf/.worktrees/juyiting-multimedia-deliberation-20260928/api-consent-restart-catalog-owner-20261001/starter/build.gradle'.
Resolved plugin [id: 'org.springframework.boot', version: '4.0.1']

> Configure project :task
Evaluating project ':task' using build file '/home/isp/wsps/cyf/.worktrees/juyiting-multimedia-deliberation-20260928/api-consent-restart-catalog-owner-20261001/task/build.gradle'.
Resolved plugin [id: 'java-library']

> Configure project :user
Evaluating project ':user' using build file '/home/isp/wsps/cyf/.worktrees/juyiting-multimedia-deliberation-20260928/api-consent-restart-catalog-owner-20261001/user/build.gradle'.

> Configure project :workflow
Evaluating project ':workflow' using build file '/home/isp/wsps/cyf/.worktrees/juyiting-multimedia-deliberation-20260928/api-consent-restart-catalog-owner-20261001/workflow/build.gradle'.

> Configure project :wx
Evaluating project ':wx' using build file '/home/isp/wsps/cyf/.worktrees/juyiting-multimedia-deliberation-20260928/api-consent-restart-catalog-owner-20261001/wx/build.gradle'.

> Configure project :agent:jia-agent-api
Evaluating project ':agent:jia-agent-api' using build file '/home/isp/wsps/cyf/.worktrees/juyiting-multimedia-deliberation-20260928/api-consent-restart-catalog-owner-20261001/agent/jia-agent-api/build.gradle'.

> Configure project :agent:jia-agent-core
Evaluating project ':agent:jia-agent-core' using build file '/home/isp/wsps/cyf/.worktrees/juyiting-multimedia-deliberation-20260928/api-consent-restart-catalog-owner-20261001/agent/jia-agent-core/build.gradle'.

> Configure project :agent:jia-agent-mapper
Evaluating project ':agent:jia-agent-mapper' using build file '/home/isp/wsps/cyf/.worktrees/juyiting-multimedia-deliberation-20260928/api-consent-restart-catalog-owner-20261001/agent/jia-agent-mapper/build.gradle'.

> Configure project :agent:jia-agent-service
Evaluating project ':agent:jia-agent-service' using build file '/home/isp/wsps/cyf/.worktrees/juyiting-multimedia-deliberation-20260928/api-consent-restart-catalog-owner-20261001/agent/jia-agent-service/build.gradle'.

> Configure project :base:jia-base-api
Evaluating project ':base:jia-base-api' using build file '/home/isp/wsps/cyf/.worktrees/juyiting-multimedia-deliberation-20260928/api-consent-restart-catalog-owner-20261001/base/jia-base-api/build.gradle'.

> Configure project :base:jia-base-core
Evaluating project ':base:jia-base-core' using build file '/home/isp/wsps/cyf/.worktrees/juyiting-multimedia-deliberation-20260928/api-consent-restart-catalog-owner-20261001/base/jia-base-core/build.gradle'.

> Configure project :base:jia-base-mapper
Evaluating project ':base:jia-base-mapper' using build file '/home/isp/wsps/cyf/.worktrees/juyiting-multimedia-deliberation-20260928/api-consent-restart-catalog-owner-20261001/base/jia-base-mapper/build.gradle'.

> Configure project :base:jia-base-service
Evaluating project ':base:jia-base-service' using build file '/home/isp/wsps/cyf/.worktrees/juyiting-multimedia-deliberation-20260928/api-consent-restart-catalog-owner-20261001/base/jia-base-service/build.gradle'.

> Configure project :base:jia-base-starter
Evaluating project ':base:jia-base-starter' using build file '/home/isp/wsps/cyf/.worktrees/juyiting-multimedia-deliberation-20260928/api-consent-restart-catalog-owner-20261001/base/jia-base-starter/build.gradle'.

> Configure project :chat:jia-chat-api
Evaluating project ':chat:jia-chat-api' using build file '/home/isp/wsps/cyf/.worktrees/juyiting-multimedia-deliberation-20260928/api-consent-restart-catalog-owner-20261001/chat/jia-chat-api/build.gradle'.

> Configure project :chat:jia-chat-core
Evaluating project ':chat:jia-chat-core' using build file '/home/isp/wsps/cyf/.worktrees/juyiting-multimedia-deliberation-20260928/api-consent-restart-catalog-owner-20261001/chat/jia-chat-core/build.gradle'.

> Configure project :chat:jia-chat-mapper
Evaluating project ':chat:jia-chat-mapper' using build file '/home/isp/wsps/cyf/.worktrees/juyiting-multimedia-deliberation-20260928/api-consent-restart-catalog-owner-20261001/chat/jia-chat-mapper/build.gradle'.

> Configure project :chat:jia-chat-service
Evaluating project ':chat:jia-chat-service' using build file '/home/isp/wsps/cyf/.worktrees/juyiting-multimedia-deliberation-20260928/api-consent-restart-catalog-owner-20261001/chat/jia-chat-service/build.gradle'.

> Configure project :chat:jia-chat-starter
Evaluating project ':chat:jia-chat-starter' using build file '/home/isp/wsps/cyf/.worktrees/juyiting-multimedia-deliberation-20260928/api-consent-restart-catalog-owner-20261001/chat/jia-chat-starter/build.gradle'.

> Configure project :common:jia-common-api
Evaluating project ':common:jia-common-api' using build file '/home/isp/wsps/cyf/.worktrees/juyiting-multimedia-deliberation-20260928/api-consent-restart-catalog-owner-20261001/common/jia-common-api/build.gradle'.

> Configure project :common:jia-common-core
Evaluating project ':common:jia-common-core' using build file '/home/isp/wsps/cyf/.worktrees/juyiting-multimedia-deliberation-20260928/api-consent-restart-catalog-owner-20261001/common/jia-common-core/build.gradle'.

> Configure project :common:jia-common-mapper
Evaluating project ':common:jia-common-mapper' using build file '/home/isp/wsps/cyf/.worktrees/juyiting-multimedia-deliberation-20260928/api-consent-restart-catalog-owner-20261001/common/jia-common-mapper/build.gradle'.

> Configure project :common:jia-common-service
Evaluating project ':common:jia-common-service' using build file '/home/isp/wsps/cyf/.worktrees/juyiting-multimedia-deliberation-20260928/api-consent-restart-catalog-owner-20261001/common/jia-common-service/build.gradle'.

> Configure project :common:jia-common-starter
Evaluating project ':common:jia-common-starter' using build file '/home/isp/wsps/cyf/.worktrees/juyiting-multimedia-deliberation-20260928/api-consent-restart-catalog-owner-20261001/common/jia-common-starter/build.gradle'.

> Configure project :common:jia-common-test
Evaluating project ':common:jia-common-test' using build file '/home/isp/wsps/cyf/.worktrees/juyiting-multimedia-deliberation-20260928/api-consent-restart-catalog-owner-20261001/common/jia-common-test/build.gradle'.

> Configure project :dwz:jia-dwz-api
Evaluating project ':dwz:jia-dwz-api' using build file '/home/isp/wsps/cyf/.worktrees/juyiting-multimedia-deliberation-20260928/api-consent-restart-catalog-owner-20261001/dwz/jia-dwz-api/build.gradle'.

> Configure project :dwz:jia-dwz-core
Evaluating project ':dwz:jia-dwz-core' using build file '/home/isp/wsps/cyf/.worktrees/juyiting-multimedia-deliberation-20260928/api-consent-restart-catalog-owner-20261001/dwz/jia-dwz-core/build.gradle'.

> Configure project :dwz:jia-dwz-mapper
Evaluating project ':dwz:jia-dwz-mapper' using build file '/home/isp/wsps/cyf/.worktrees/juyiting-multimedia-deliberation-20260928/api-consent-restart-catalog-owner-20261001/dwz/jia-dwz-mapper/build.gradle'.

> Configure project :dwz:jia-dwz-service
Evaluating project ':dwz:jia-dwz-service' using build file '/home/isp/wsps/cyf/.worktrees/juyiting-multimedia-deliberation-20260928/api-consent-restart-catalog-owner-20261001/dwz/jia-dwz-service/build.gradle'.

> Configure project :dwz:jia-dwz-starter
Evaluating project ':dwz:jia-dwz-starter' using build file '/home/isp/wsps/cyf/.worktrees/juyiting-multimedia-deliberation-20260928/api-consent-restart-catalog-owner-20261001/dwz/jia-dwz-starter/build.gradle'.

> Configure project :economy:jia-economy-api
Evaluating project ':economy:jia-economy-api' using build file '/home/isp/wsps/cyf/.worktrees/juyiting-multimedia-deliberation-20260928/api-consent-restart-catalog-owner-20261001/economy/jia-economy-api/build.gradle'.

> Configure project :economy:jia-economy-core
Evaluating project ':economy:jia-economy-core' using build file '/home/isp/wsps/cyf/.worktrees/juyiting-multimedia-deliberation-20260928/api-consent-restart-catalog-owner-20261001/economy/jia-economy-core/build.gradle'.

> Configure project :economy:jia-economy-mapper
Evaluating project ':economy:jia-economy-mapper' using build file '/home/isp/wsps/cyf/.worktrees/juyiting-multimedia-deliberation-20260928/api-consent-restart-catalog-owner-20261001/economy/jia-economy-mapper/build.gradle'.

> Configure project :economy:jia-economy-service
Evaluating project ':economy:jia-economy-service' using build file '/home/isp/wsps/cyf/.worktrees/juyiting-multimedia-deliberation-20260928/api-consent-restart-catalog-owner-20261001/economy/jia-economy-service/build.gradle'.

> Configure project :isp:jia-isp-api
Evaluating project ':isp:jia-isp-api' using build file '/home/isp/wsps/cyf/.worktrees/juyiting-multimedia-deliberation-20260928/api-consent-restart-catalog-owner-20261001/isp/jia-isp-api/build.gradle'.

> Configure project :isp:jia-isp-core
Evaluating project ':isp:jia-isp-core' using build file '/home/isp/wsps/cyf/.worktrees/juyiting-multimedia-deliberation-20260928/api-consent-restart-catalog-owner-20261001/isp/jia-isp-core/build.gradle'.

> Configure project :isp:jia-isp-mapper
Evaluating project ':isp:jia-isp-mapper' using build file '/home/isp/wsps/cyf/.worktrees/juyiting-multimedia-deliberation-20260928/api-consent-restart-catalog-owner-20261001/isp/jia-isp-mapper/build.gradle'.

> Configure project :isp:jia-isp-service
Evaluating project ':isp:jia-isp-service' using build file '/home/isp/wsps/cyf/.worktrees/juyiting-multimedia-deliberation-20260928/api-consent-restart-catalog-owner-20261001/isp/jia-isp-service/build.gradle'.

> Configure project :isp:jia-isp-starter
Evaluating project ':isp:jia-isp-starter' using build file '/home/isp/wsps/cyf/.worktrees/juyiting-multimedia-deliberation-20260928/api-consent-restart-catalog-owner-20261001/isp/jia-isp-starter/build.gradle'.

> Configure project :kefu:jia-kefu-api
Evaluating project ':kefu:jia-kefu-api' using build file '/home/isp/wsps/cyf/.worktrees/juyiting-multimedia-deliberation-20260928/api-consent-restart-catalog-owner-20261001/kefu/jia-kefu-api/build.gradle'.

> Configure project :kefu:jia-kefu-core
Evaluating project ':kefu:jia-kefu-core' using build file '/home/isp/wsps/cyf/.worktrees/juyiting-multimedia-deliberation-20260928/api-consent-restart-catalog-owner-20261001/kefu/jia-kefu-core/build.gradle'.

> Configure project :kefu:jia-kefu-mapper
Evaluating project ':kefu:jia-kefu-mapper' using build file '/home/isp/wsps/cyf/.worktrees/juyiting-multimedia-deliberation-20260928/api-consent-restart-catalog-owner-20261001/kefu/jia-kefu-mapper/build.gradle'.

> Configure project :kefu:jia-kefu-service
Evaluating project ':kefu:jia-kefu-service' using build file '/home/isp/wsps/cyf/.worktrees/juyiting-multimedia-deliberation-20260928/api-consent-restart-catalog-owner-20261001/kefu/jia-kefu-service/build.gradle'.

> Configure project :material:jia-material-api
Evaluating project ':material:jia-material-api' using build file '/home/isp/wsps/cyf/.worktrees/juyiting-multimedia-deliberation-20260928/api-consent-restart-catalog-owner-20261001/material/jia-material-api/build.gradle'.

> Configure project :material:jia-material-core
Evaluating project ':material:jia-material-core' using build file '/home/isp/wsps/cyf/.worktrees/juyiting-multimedia-deliberation-20260928/api-consent-restart-catalog-owner-20261001/material/jia-material-core/build.gradle'.

> Configure project :material:jia-material-mapper
Evaluating project ':material:jia-material-mapper' using build file '/home/isp/wsps/cyf/.worktrees/juyiting-multimedia-deliberation-20260928/api-consent-restart-catalog-owner-20261001/material/jia-material-mapper/build.gradle'.

> Configure project :material:jia-material-service
Evaluating project ':material:jia-material-service' using build file '/home/isp/wsps/cyf/.worktrees/juyiting-multimedia-deliberation-20260928/api-consent-restart-catalog-owner-20261001/material/jia-material-service/build.gradle'.

> Configure project :material:jia-material-starter
Evaluating project ':material:jia-material-starter' using build file '/home/isp/wsps/cyf/.worktrees/juyiting-multimedia-deliberation-20260928/api-consent-restart-catalog-owner-20261001/material/jia-material-starter/build.gradle'.

> Configure project :oauth:jia-oauth-api
Evaluating project ':oauth:jia-oauth-api' using build file '/home/isp/wsps/cyf/.worktrees/juyiting-multimedia-deliberation-20260928/api-consent-restart-catalog-owner-20261001/oauth/jia-oauth-api/build.gradle'.

> Configure project :oauth:jia-oauth-client-starter
Evaluating project ':oauth:jia-oauth-client-starter' using build file '/home/isp/wsps/cyf/.worktrees/juyiting-multimedia-deliberation-20260928/api-consent-restart-catalog-owner-20261001/oauth/jia-oauth-client-starter/build.gradle'.

> Configure project :oauth:jia-oauth-core
Evaluating project ':oauth:jia-oauth-core' using build file '/home/isp/wsps/cyf/.worktrees/juyiting-multimedia-deliberation-20260928/api-consent-restart-catalog-owner-20261001/oauth/jia-oauth-core/build.gradle'.

> Configure project :oauth:jia-oauth-mapper
Evaluating project ':oauth:jia-oauth-mapper' using build file '/home/isp/wsps/cyf/.worktrees/juyiting-multimedia-deliberation-20260928/api-consent-restart-catalog-owner-20261001/oauth/jia-oauth-mapper/build.gradle'.

> Configure project :oauth:jia-oauth-resource
Evaluating project ':oauth:jia-oauth-resource' using build file '/home/isp/wsps/cyf/.worktrees/juyiting-multimedia-deliberation-20260928/api-consent-restart-catalog-owner-20261001/oauth/jia-oauth-resource/build.gradle'.

> Configure project :oauth:jia-oauth-resource-starter
Evaluating project ':oauth:jia-oauth-resource-starter' using build file '/home/isp/wsps/cyf/.worktrees/juyiting-multimedia-deliberation-20260928/api-consent-restart-catalog-owner-20261001/oauth/jia-oauth-resource-starter/build.gradle'.

> Configure project :oauth:jia-oauth-server-starter
Evaluating project ':oauth:jia-oauth-server-starter' using build file '/home/isp/wsps/cyf/.worktrees/juyiting-multimedia-deliberation-20260928/api-consent-restart-catalog-owner-20261001/oauth/jia-oauth-server-starter/build.gradle'.

> Configure project :oauth:jia-oauth-service
Evaluating project ':oauth:jia-oauth-service' using build file '/home/isp/wsps/cyf/.worktrees/juyiting-multimedia-deliberation-20260928/api-consent-restart-catalog-owner-20261001/oauth/jia-oauth-service/build.gradle'.

> Configure project :point:jia-point-api
Evaluating project ':point:jia-point-api' using build file '/home/isp/wsps/cyf/.worktrees/juyiting-multimedia-deliberation-20260928/api-consent-restart-catalog-owner-20261001/point/jia-point-api/build.gradle'.

> Configure project :point:jia-point-core
Evaluating project ':point:jia-point-core' using build file '/home/isp/wsps/cyf/.worktrees/juyiting-multimedia-deliberation-20260928/api-consent-restart-catalog-owner-20261001/point/jia-point-core/build.gradle'.

> Configure project :point:jia-point-mapper
Evaluating project ':point:jia-point-mapper' using build file '/home/isp/wsps/cyf/.worktrees/juyiting-multimedia-deliberation-20260928/api-consent-restart-catalog-owner-20261001/point/jia-point-mapper/build.gradle'.

> Configure project :point:jia-point-service
Evaluating project ':point:jia-point-service' using build file '/home/isp/wsps/cyf/.worktrees/juyiting-multimedia-deliberation-20260928/api-consent-restart-catalog-owner-20261001/point/jia-point-service/build.gradle'.

> Configure project :sms:jia-sms-api
Evaluating project ':sms:jia-sms-api' using build file '/home/isp/wsps/cyf/.worktrees/juyiting-multimedia-deliberation-20260928/api-consent-restart-catalog-owner-20261001/sms/jia-sms-api/build.gradle'.

> Configure project :sms:jia-sms-core
Evaluating project ':sms:jia-sms-core' using build file '/home/isp/wsps/cyf/.worktrees/juyiting-multimedia-deliberation-20260928/api-consent-restart-catalog-owner-20261001/sms/jia-sms-core/build.gradle'.

> Configure project :sms:jia-sms-mapper
Evaluating project ':sms:jia-sms-mapper' using build file '/home/isp/wsps/cyf/.worktrees/juyiting-multimedia-deliberation-20260928/api-consent-restart-catalog-owner-20261001/sms/jia-sms-mapper/build.gradle'.

> Configure project :sms:jia-sms-service
Evaluating project ':sms:jia-sms-service' using build file '/home/isp/wsps/cyf/.worktrees/juyiting-multimedia-deliberation-20260928/api-consent-restart-catalog-owner-20261001/sms/jia-sms-service/build.gradle'.

> Configure project :sms:jia-sms-starter
Evaluating project ':sms:jia-sms-starter' using build file '/home/isp/wsps/cyf/.worktrees/juyiting-multimedia-deliberation-20260928/api-consent-restart-catalog-owner-20261001/sms/jia-sms-starter/build.gradle'.

> Configure project :task:jia-task-api
Evaluating project ':task:jia-task-api' using build file '/home/isp/wsps/cyf/.worktrees/juyiting-multimedia-deliberation-20260928/api-consent-restart-catalog-owner-20261001/task/jia-task-api/build.gradle'.

> Configure project :task:jia-task-core
Evaluating project ':task:jia-task-core' using build file '/home/isp/wsps/cyf/.worktrees/juyiting-multimedia-deliberation-20260928/api-consent-restart-catalog-owner-20261001/task/jia-task-core/build.gradle'.

> Configure project :task:jia-task-mapper
Evaluating project ':task:jia-task-mapper' using build file '/home/isp/wsps/cyf/.worktrees/juyiting-multimedia-deliberation-20260928/api-consent-restart-catalog-owner-20261001/task/jia-task-mapper/build.gradle'.

> Configure project :task:jia-task-service
Evaluating project ':task:jia-task-service' using build file '/home/isp/wsps/cyf/.worktrees/juyiting-multimedia-deliberation-20260928/api-consent-restart-catalog-owner-20261001/task/jia-task-service/build.gradle'.

> Configure project :task:jia-task-starter
Evaluating project ':task:jia-task-starter' using build file '/home/isp/wsps/cyf/.worktrees/juyiting-multimedia-deliberation-20260928/api-consent-restart-catalog-owner-20261001/task/jia-task-starter/build.gradle'.

> Configure project :user:jia-user-api
Evaluating project ':user:jia-user-api' using build file '/home/isp/wsps/cyf/.worktrees/juyiting-multimedia-deliberation-20260928/api-consent-restart-catalog-owner-20261001/user/jia-user-api/build.gradle'.

> Configure project :user:jia-user-core
Evaluating project ':user:jia-user-core' using build file '/home/isp/wsps/cyf/.worktrees/juyiting-multimedia-deliberation-20260928/api-consent-restart-catalog-owner-20261001/user/jia-user-core/build.gradle'.

> Configure project :user:jia-user-mapper
Evaluating project ':user:jia-user-mapper' using build file '/home/isp/wsps/cyf/.worktrees/juyiting-multimedia-deliberation-20260928/api-consent-restart-catalog-owner-20261001/user/jia-user-mapper/build.gradle'.

> Configure project :user:jia-user-service
Evaluating project ':user:jia-user-service' using build file '/home/isp/wsps/cyf/.worktrees/juyiting-multimedia-deliberation-20260928/api-consent-restart-catalog-owner-20261001/user/jia-user-service/build.gradle'.

> Configure project :user:jia-user-starter
Evaluating project ':user:jia-user-starter' using build file '/home/isp/wsps/cyf/.worktrees/juyiting-multimedia-deliberation-20260928/api-consent-restart-catalog-owner-20261001/user/jia-user-starter/build.gradle'.

> Configure project :workflow:jia-workflow-api
Evaluating project ':workflow:jia-workflow-api' using build file '/home/isp/wsps/cyf/.worktrees/juyiting-multimedia-deliberation-20260928/api-consent-restart-catalog-owner-20261001/workflow/jia-workflow-api/build.gradle'.

> Configure project :workflow:jia-workflow-core
Evaluating project ':workflow:jia-workflow-core' using build file '/home/isp/wsps/cyf/.worktrees/juyiting-multimedia-deliberation-20260928/api-consent-restart-catalog-owner-20261001/workflow/jia-workflow-core/build.gradle'.

> Configure project :workflow:jia-workflow-service
Evaluating project ':workflow:jia-workflow-service' using build file '/home/isp/wsps/cyf/.worktrees/juyiting-multimedia-deliberation-20260928/api-consent-restart-catalog-owner-20261001/workflow/jia-workflow-service/build.gradle'.

> Configure project :workflow:jia-workflow-starter
Evaluating project ':workflow:jia-workflow-starter' using build file '/home/isp/wsps/cyf/.worktrees/juyiting-multimedia-deliberation-20260928/api-consent-restart-catalog-owner-20261001/workflow/jia-workflow-starter/build.gradle'.

> Configure project :wx:jia-wx-api
Evaluating project ':wx:jia-wx-api' using build file '/home/isp/wsps/cyf/.worktrees/juyiting-multimedia-deliberation-20260928/api-consent-restart-catalog-owner-20261001/wx/jia-wx-api/build.gradle'.

> Configure project :wx:jia-wx-core
Evaluating project ':wx:jia-wx-core' using build file '/home/isp/wsps/cyf/.worktrees/juyiting-multimedia-deliberation-20260928/api-consent-restart-catalog-owner-20261001/wx/jia-wx-core/build.gradle'.

> Configure project :wx:jia-wx-mapper
Evaluating project ':wx:jia-wx-mapper' using build file '/home/isp/wsps/cyf/.worktrees/juyiting-multimedia-deliberation-20260928/api-consent-restart-catalog-owner-20261001/wx/jia-wx-mapper/build.gradle'.

> Configure project :wx:jia-wx-service
Evaluating project ':wx:jia-wx-service' using build file '/home/isp/wsps/cyf/.worktrees/juyiting-multimedia-deliberation-20260928/api-consent-restart-catalog-owner-20261001/wx/jia-wx-service/build.gradle'.
All projects evaluated.
Task path ':agent:jia-agent-service:mmdControlledImageFollowupV3' matched project ':agent:jia-agent-service'
Task name matched 'mmdControlledImageFollowupV3'
Task path ':chat:jia-chat-service:mmdControlledImageFollowupV3' matched project ':chat:jia-chat-service'
Task name matched 'mmdControlledImageFollowupV3'
Selected primary task 'mmdControlledImageFollowupV3' from project :agent:jia-agent-service
Selected primary task 'mmdControlledImageFollowupV3' from project :chat:jia-chat-service
Tasks to be executed: [task ':common:jia-common-core:compileJava', task ':agent:jia-agent-core:compileJava', task ':common:jia-common-api:compileJava', task ':agent:jia-agent-api:compileJava', task ':common:jia-common-mapper:compileJava', task ':agent:jia-agent-mapper:compileJava', task ':chat:jia-chat-core:compileJava', task ':chat:jia-chat-api:compileJava', task ':common:jia-common-core:processResources', task ':common:jia-common-core:classes', task ':common:jia-common-core:jar', task ':common:jia-common-service:compileJava', task ':economy:jia-economy-core:compileJava', task ':economy:jia-economy-api:compileJava', task ':economy:jia-economy-mapper:compileJava', task ':economy:jia-economy-service:compileJava', task ':oauth:jia-oauth-core:compileJava', task ':oauth:jia-oauth-api:compileJava', task ':task:jia-task-core:compileJava', task ':task:jia-task-api:compileJava', task ':user:jia-user-core:compileJava', task ':user:jia-user-api:compileJava', task ':agent:jia-agent-service:compileJava', task ':agent:jia-agent-service:processResources', task ':agent:jia-agent-service:classes', task ':agent:jia-agent-service:jar', task ':agent:jia-agent-api:processResources', task ':agent:jia-agent-api:classes', task ':agent:jia-agent-api:jar', task ':agent:jia-agent-core:processResources', task ':agent:jia-agent-core:classes', task ':agent:jia-agent-core:jar', task ':agent:jia-agent-mapper:processResources', task ':agent:jia-agent-mapper:classes', task ':agent:jia-agent-mapper:jar', task ':agent:jia-agent-service:compileMmdControlledImageFollowupV3Java', task ':agent:jia-agent-service:processMmdControlledImageFollowupV3Resources', task ':agent:jia-agent-service:mmdControlledImageFollowupV3Classes', task ':chat:jia-chat-api:processResources', task ':chat:jia-chat-api:classes', task ':chat:jia-chat-api:jar', task ':chat:jia-chat-core:processResources', task ':chat:jia-chat-core:classes', task ':chat:jia-chat-core:jar', task ':common:jia-common-api:processResources', task ':common:jia-common-api:classes', task ':common:jia-common-api:jar', task ':common:jia-common-mapper:processResources', task ':common:jia-common-mapper:classes', task ':common:jia-common-mapper:jar', task ':common:jia-common-service:processResources', task ':common:jia-common-service:classes', task ':common:jia-common-service:jar', task ':economy:jia-economy-api:processResources', task ':economy:jia-economy-api:classes', task ':economy:jia-economy-api:jar', task ':economy:jia-economy-core:processResources', task ':economy:jia-economy-core:classes', task ':economy:jia-economy-core:jar', task ':economy:jia-economy-mapper:processResources', task ':economy:jia-economy-mapper:classes', task ':economy:jia-economy-mapper:jar', task ':economy:jia-economy-service:processResources', task ':economy:jia-economy-service:classes', task ':economy:jia-economy-service:jar', task ':user:jia-user-api:processResources', task ':user:jia-user-api:classes', task ':user:jia-user-api:jar', task ':user:jia-user-core:processResources', task ':user:jia-user-core:classes', task ':user:jia-user-core:jar', task ':agent:jia-agent-service:mmdControlledImageFollowupV3', task ':chat:jia-chat-mapper:compileJava', task ':chat:jia-chat-mapper:processResources', task ':chat:jia-chat-mapper:classes', task ':chat:jia-chat-mapper:jar', task ':kefu:jia-kefu-core:compileJava', task ':kefu:jia-kefu-api:compileJava', task ':material:jia-material-core:compileJava', task ':material:jia-material-api:compileJava', task ':point:jia-point-core:compileJava', task ':point:jia-point-api:compileJava', task ':chat:jia-chat-service:compileJava', task ':chat:jia-chat-service:processResources', task ':chat:jia-chat-service:classes', task ':chat:jia-chat-service:compileMmdControlledImageFollowupV3Java', task ':chat:jia-chat-service:processMmdControlledImageFollowupV3Resources', task ':chat:jia-chat-service:mmdControlledImageFollowupV3Classes', task ':oauth:jia-oauth-api:processResources', task ':oauth:jia-oauth-api:classes', task ':oauth:jia-oauth-api:jar', task ':oauth:jia-oauth-core:processResources', task ':oauth:jia-oauth-core:classes', task ':oauth:jia-oauth-core:jar', task ':task:jia-task-api:processResources', task ':task:jia-task-api:classes', task ':task:jia-task-api:jar', task ':task:jia-task-core:processResources', task ':task:jia-task-core:classes', task ':task:jia-task-core:jar', task ':chat:jia-chat-service:mmdControlledImageFollowupV3']
Tasks that were excluded: []
Resolve mutations for :common:jia-common-core:compileJava (Thread[#51,included builds,5,main]) started.
:common:jia-common-core:compileJava (Thread[#51,included builds,5,main]) started.

> Task :common:jia-common-core:compileJava UP-TO-DATE
Caching disabled for task ':common:jia-common-core:compileJava' because:
  Build cache is disabled
Skipping task ':common:jia-common-core:compileJava' as it is up-to-date.
work action resolve main (project :common:jia-common-core) (Thread[#51,included builds,5,main]) started.
Resolve mutations for :agent:jia-agent-core:compileJava (Thread[#51,included builds,5,main]) started.
:agent:jia-agent-core:compileJava (Thread[#51,included builds,5,main]) started.

> Task :agent:jia-agent-core:compileJava UP-TO-DATE
Caching disabled for task ':agent:jia-agent-core:compileJava' because:
  Build cache is disabled
Skipping task ':agent:jia-agent-core:compileJava' as it is up-to-date.
work action resolve main (project :agent:jia-agent-core) (Thread[#51,included builds,5,main]) started.
Resolve mutations for :common:jia-common-api:compileJava (Thread[#51,included builds,5,main]) started.
:common:jia-common-api:compileJava (Thread[#51,included builds,5,main]) started.

> Task :common:jia-common-api:compileJava UP-TO-DATE
Caching disabled for task ':common:jia-common-api:compileJava' because:
  Build cache is disabled
Skipping task ':common:jia-common-api:compileJava' as it is up-to-date.
work action resolve main (project :common:jia-common-api) (Thread[#51,included builds,5,main]) started.
Resolve mutations for :agent:jia-agent-api:compileJava (Thread[#51,included builds,5,main]) started.
:agent:jia-agent-api:compileJava (Thread[#51,included builds,5,main]) started.

> Task :agent:jia-agent-api:compileJava UP-TO-DATE
Caching disabled for task ':agent:jia-agent-api:compileJava' because:
  Build cache is disabled
Skipping task ':agent:jia-agent-api:compileJava' as it is up-to-date.
work action resolve main (project :agent:jia-agent-api) (Thread[#51,included builds,5,main]) started.
Resolve mutations for :common:jia-common-mapper:compileJava (Thread[#51,included builds,5,main]) started.
:common:jia-common-mapper:compileJava (Thread[#51,included builds,5,main]) started.

> Task :common:jia-common-mapper:compileJava UP-TO-DATE
Caching disabled for task ':common:jia-common-mapper:compileJava' because:
  Build cache is disabled
Skipping task ':common:jia-common-mapper:compileJava' as it is up-to-date.
work action resolve main (project :common:jia-common-mapper) (Thread[#51,included builds,5,main]) started.
Resolve mutations for :agent:jia-agent-mapper:compileJava (Thread[#51,included builds,5,main]) started.
:agent:jia-agent-mapper:compileJava (Thread[#51,included builds,5,main]) started.

> Task :agent:jia-agent-mapper:compileJava UP-TO-DATE
Caching disabled for task ':agent:jia-agent-mapper:compileJava' because:
  Build cache is disabled
Skipping task ':agent:jia-agent-mapper:compileJava' as it is up-to-date.
work action resolve main (project :agent:jia-agent-mapper) (Thread[#51,included builds,5,main]) started.
Resolve mutations for :chat:jia-chat-core:compileJava (Thread[#51,included builds,5,main]) started.
:chat:jia-chat-core:compileJava (Thread[#51,included builds,5,main]) started.

> Task :chat:jia-chat-core:compileJava UP-TO-DATE
Caching disabled for task ':chat:jia-chat-core:compileJava' because:
  Build cache is disabled
Skipping task ':chat:jia-chat-core:compileJava' as it is up-to-date.
work action resolve main (project :chat:jia-chat-core) (Thread[#51,included builds,5,main]) started.
Resolve mutations for :chat:jia-chat-api:compileJava (Thread[#51,included builds,5,main]) started.
:chat:jia-chat-api:compileJava (Thread[#51,included builds,5,main]) started.

> Task :chat:jia-chat-api:compileJava UP-TO-DATE
Caching disabled for task ':chat:jia-chat-api:compileJava' because:
  Build cache is disabled
Skipping task ':chat:jia-chat-api:compileJava' as it is up-to-date.
work action resolve main (project :chat:jia-chat-api) (Thread[#51,included builds,5,main]) started.
Resolve mutations for :common:jia-common-core:processResources (Thread[#51,included builds,5,main]) started.
:common:jia-common-core:processResources (Thread[#51,included builds,5,main]) started.

> Task :common:jia-common-core:processResources UP-TO-DATE
Caching disabled for task ':common:jia-common-core:processResources' because:
  Build cache is disabled
  Not worth caching
Skipping task ':common:jia-common-core:processResources' as it is up-to-date.
Resolve mutations for :common:jia-common-core:classes (Thread[#51,included builds,5,main]) started.
:common:jia-common-core:classes (Thread[#51,included builds,5,main]) started.

> Task :common:jia-common-core:classes UP-TO-DATE
Skipping task ':common:jia-common-core:classes' as it has no actions.
Resolve mutations for :common:jia-common-core:jar (Thread[#51,included builds,5,main]) started.
:common:jia-common-core:jar (Thread[#51,included builds,5,main]) started.

> Task :common:jia-common-core:jar UP-TO-DATE
Caching disabled for task ':common:jia-common-core:jar' because:
  Build cache is disabled
  Not worth caching
Skipping task ':common:jia-common-core:jar' as it is up-to-date.
work action resolve jia-common-core-1.1.2-SNAPSHOT.jar (project :common:jia-common-core) (Thread[#51,included builds,5,main]) started.
Resolve mutations for :common:jia-common-service:compileJava (Thread[#51,included builds,5,main]) started.
:common:jia-common-service:compileJava (Thread[#51,included builds,5,main]) started.

> Task :common:jia-common-service:compileJava UP-TO-DATE
Caching disabled for task ':common:jia-common-service:compileJava' because:
  Build cache is disabled
Skipping task ':common:jia-common-service:compileJava' as it is up-to-date.
work action resolve main (project :common:jia-common-service) (Thread[#51,included builds,5,main]) started.
Resolve mutations for :economy:jia-economy-core:compileJava (Thread[#51,included builds,5,main]) started.
:economy:jia-economy-core:compileJava (Thread[#51,included builds,5,main]) started.

> Task :economy:jia-economy-core:compileJava UP-TO-DATE
Caching disabled for task ':economy:jia-economy-core:compileJava' because:
  Build cache is disabled
Skipping task ':economy:jia-economy-core:compileJava' as it is up-to-date.
work action resolve main (project :economy:jia-economy-core) (Thread[#51,included builds,5,main]) started.
Resolve mutations for :economy:jia-economy-api:compileJava (Thread[#51,included builds,5,main]) started.
:economy:jia-economy-api:compileJava (Thread[#51,included builds,5,main]) started.

> Task :economy:jia-economy-api:compileJava UP-TO-DATE
Caching disabled for task ':economy:jia-economy-api:compileJava' because:
  Build cache is disabled
Skipping task ':economy:jia-economy-api:compileJava' as it is up-to-date.
work action resolve main (project :economy:jia-economy-api) (Thread[#51,included builds,5,main]) started.
Resolve mutations for :economy:jia-economy-mapper:compileJava (Thread[#51,included builds,5,main]) started.
:economy:jia-economy-mapper:compileJava (Thread[#51,included builds,5,main]) started.

> Task :economy:jia-economy-mapper:compileJava UP-TO-DATE
Caching disabled for task ':economy:jia-economy-mapper:compileJava' because:
  Build cache is disabled
Skipping task ':economy:jia-economy-mapper:compileJava' as it is up-to-date.
work action resolve main (project :economy:jia-economy-mapper) (Thread[#51,included builds,5,main]) started.
Resolve mutations for :economy:jia-economy-service:compileJava (Thread[#51,included builds,5,main]) started.
:economy:jia-economy-service:compileJava (Thread[#51,included builds,5,main]) started.

> Task :economy:jia-economy-service:compileJava
Deleting stale output file: /var/tmp/cyf-mmd-api-followup-v3-verification-20261001/normal-graph-output/jia/economy__jia-economy-service/classes/java/main
Deleting stale output file: /var/tmp/cyf-mmd-api-followup-v3-verification-20261001/normal-graph-output/jia/economy__jia-economy-service/generated/sources/headers/java/main
Deleting stale output file: /var/tmp/cyf-mmd-api-followup-v3-verification-20261001/normal-graph-output/jia/economy__jia-economy-service/generated/sources/annotationProcessor/java/main
Caching disabled for task ':economy:jia-economy-service:compileJava' because:
  Build cache is disabled
Task ':economy:jia-economy-service:compileJava' is not up-to-date because:
  No history is available.
The input changes require a full rebuild for incremental task ':economy:jia-economy-service:compileJava'.
Compilation mode: forking compiler
Full recompilation is required because no incremental change information is available. This is usually caused by clean builds or changing compiler arguments.
Compiling with toolchain '/home/isp/apps/jdk21'.
Starting process 'Gradle Worker Daemon 1'. Working directory: /root/.gradle/workers Command: /home/isp/apps/jdk21/bin/java -XX:+UseSerialGC -XX:ActiveProcessorCount=2 -XX:MaxMetaspaceSize=128m -Xss256k --add-exports=jdk.compiler/com.sun.tools.javac.api=ALL-UNNAMED --add-exports=jdk.compiler/com.sun.tools.javac.util=ALL-UNNAMED @/root/.gradle/.tmp/gradle-worker-classpath10765742901574743378txt -Xmx256m -Dfile.encoding=UTF-8 -Duser.country=CN -Duser.language=zh -Duser.variant worker.org.gradle.process.internal.worker.GradleWorkerMain 'Gradle Worker Daemon 1'
Successfully started process 'Gradle Worker Daemon 1'
Picked up JAVA_TOOL_OPTIONS: -XX:-UseJVMCICompiler
Started Gradle worker daemon (1.251 secs) with fork options DaemonForkOptions{executable=/home/isp/apps/jdk21/bin/java, minHeapSize=null, maxHeapSize=256m, jvmArgs=[-XX:+UseSerialGC, -XX:ActiveProcessorCount=2, -XX:MaxMetaspaceSize=128m, -Xss256k, --add-exports=jdk.compiler/com.sun.tools.javac.api=ALL-UNNAMED, --add-exports=jdk.compiler/com.sun.tools.javac.util=ALL-UNNAMED], keepAliveMode=DAEMON}.

This JVM does not support getting OS memory, so no OS memory status updates will be broadcast

> Task :economy:jia-economy-service:compileJava
Compiling with JDK Java compiler API.
注: 某些输入文件使用或覆盖了已过时的 API。
注: 有关详细信息, 请使用 -Xlint:deprecation 重新编译。
Class dependency analysis for incremental compilation took 0.244 secs.
Created classpath snapshot for incremental compilation in 0.955 secs.
work action resolve main (project :economy:jia-economy-service) (Thread[#51,included builds,5,main]) started.
Resolve mutations for :oauth:jia-oauth-core:compileJava (Thread[#51,included builds,5,main]) started.
:oauth:jia-oauth-core:compileJava (Thread[#51,included builds,5,main]) started.

> Task :oauth:jia-oauth-core:compileJava
Deleting stale output file: /var/tmp/cyf-mmd-api-followup-v3-verification-20261001/normal-graph-output/jia/oauth__jia-oauth-core/classes/java/main
Deleting stale output file: /var/tmp/cyf-mmd-api-followup-v3-verification-20261001/normal-graph-output/jia/oauth__jia-oauth-core/tmp/compileJava/previous-compilation-data.bin
Deleting stale output file: /var/tmp/cyf-mmd-api-followup-v3-verification-20261001/normal-graph-output/jia/oauth__jia-oauth-core/generated/sources/headers/java/main
Deleting stale output file: /var/tmp/cyf-mmd-api-followup-v3-verification-20261001/normal-graph-output/jia/oauth__jia-oauth-core/generated/sources/annotationProcessor/java/main
Caching disabled for task ':oauth:jia-oauth-core:compileJava' because:
  Build cache is disabled
Task ':oauth:jia-oauth-core:compileJava' is not up-to-date because:
  No history is available.
The input changes require a full rebuild for incremental task ':oauth:jia-oauth-core:compileJava'.
Compilation mode: forking compiler
Full recompilation is required because no incremental change information is available. This is usually caused by clean builds or changing compiler arguments.
Compiling with toolchain '/home/isp/apps/jdk21'.
Compiling with JDK Java compiler API.
警告: 未知的枚举常量 JdbcType.UNDEFINED
  原因: 找不到org.apache.ibatis.type.JdbcType的类文件
警告: 未知的枚举常量 JdbcType.UNDEFINED
  原因: 找不到org.apache.ibatis.type.JdbcType的类文件
警告: 未知的枚举常量 JdbcType.UNDEFINED
  原因: 找不到org.apache.ibatis.type.JdbcType的类文件
警告: 未知的枚举常量 JdbcType.UNDEFINED
  原因: 找不到org.apache.ibatis.type.JdbcType的类文件
警告: 未知的枚举常量 JdbcType.UNDEFINED
  原因: 找不到org.apache.ibatis.type.JdbcType的类文件
5 个警告
Class dependency analysis for incremental compilation took 0.005 secs.
Created classpath snapshot for incremental compilation in 0.001 secs.
work action resolve main (project :oauth:jia-oauth-core) (Thread[#51,included builds,5,main]) started.
Resolve mutations for :oauth:jia-oauth-api:compileJava (Thread[#51,included builds,5,main]) started.
:oauth:jia-oauth-api:compileJava (Thread[#51,included builds,5,main]) started.

> Task :oauth:jia-oauth-api:compileJava
Deleting stale output file: /var/tmp/cyf-mmd-api-followup-v3-verification-20261001/normal-graph-output/jia/oauth__jia-oauth-api/classes/java/main
Deleting stale output file: /var/tmp/cyf-mmd-api-followup-v3-verification-20261001/normal-graph-output/jia/oauth__jia-oauth-api/tmp/compileJava/previous-compilation-data.bin
Deleting stale output file: /var/tmp/cyf-mmd-api-followup-v3-verification-20261001/normal-graph-output/jia/oauth__jia-oauth-api/generated/sources/headers/java/main
Deleting stale output file: /var/tmp/cyf-mmd-api-followup-v3-verification-20261001/normal-graph-output/jia/oauth__jia-oauth-api/generated/sources/annotationProcessor/java/main
Caching disabled for task ':oauth:jia-oauth-api:compileJava' because:
  Build cache is disabled
Task ':oauth:jia-oauth-api:compileJava' is not up-to-date because:
  No history is available.
The input changes require a full rebuild for incremental task ':oauth:jia-oauth-api:compileJava'.
Compilation mode: forking compiler
Full recompilation is required because no incremental change information is available. This is usually caused by clean builds or changing compiler arguments.
Compiling with toolchain '/home/isp/apps/jdk21'.
Compiling with JDK Java compiler API.
Class dependency analysis for incremental compilation took 0.002 secs.
Created classpath snapshot for incremental compilation in 0.008 secs.
work action resolve main (project :oauth:jia-oauth-api) (Thread[#51,included builds,5,main]) started.
Resolve mutations for :task:jia-task-core:compileJava (Thread[#51,included builds,5,main]) started.
:task:jia-task-core:compileJava (Thread[#51,included builds,5,main]) started.

> Task :task:jia-task-core:compileJava
Deleting stale output file: /var/tmp/cyf-mmd-api-followup-v3-verification-20261001/normal-graph-output/jia/task__jia-task-core/classes/java/main
Deleting stale output file: /var/tmp/cyf-mmd-api-followup-v3-verification-20261001/normal-graph-output/jia/task__jia-task-core/generated/sources/headers/java/main
Deleting stale output file: /var/tmp/cyf-mmd-api-followup-v3-verification-20261001/normal-graph-output/jia/task__jia-task-core/generated/sources/annotationProcessor/java/main
Deleting stale output file: /var/tmp/cyf-mmd-api-followup-v3-verification-20261001/normal-graph-output/jia/task__jia-task-core/tmp/compileJava/previous-compilation-data.bin
Caching disabled for task ':task:jia-task-core:compileJava' because:
  Build cache is disabled
Task ':task:jia-task-core:compileJava' is not up-to-date because:
  No history is available.
The input changes require a full rebuild for incremental task ':task:jia-task-core:compileJava'.
Compilation mode: forking compiler
Full recompilation is required because no incremental change information is available. This is usually caused by clean builds or changing compiler arguments.
Compiling with toolchain '/home/isp/apps/jdk21'.
Compiling with JDK Java compiler API.
警告: 未知的枚举常量 JdbcType.UNDEFINED
  原因: 找不到org.apache.ibatis.type.JdbcType的类文件
警告: 未知的枚举常量 JdbcType.UNDEFINED
  原因: 找不到org.apache.ibatis.type.JdbcType的类文件
警告: 未知的枚举常量 JdbcType.UNDEFINED
  原因: 找不到org.apache.ibatis.type.JdbcType的类文件
警告: 未知的枚举常量 JdbcType.UNDEFINED
  原因: 找不到org.apache.ibatis.type.JdbcType的类文件
警告: 未知的枚举常量 JdbcType.UNDEFINED
  原因: 找不到org.apache.ibatis.type.JdbcType的类文件
5 个警告
Class dependency analysis for incremental compilation took 0.031 secs.
Created classpath snapshot for incremental compilation in 0.002 secs.
work action resolve main (project :task:jia-task-core) (Thread[#51,included builds,5,main]) started.
Resolve mutations for :task:jia-task-api:compileJava (Thread[#51,included builds,5,main]) started.
:task:jia-task-api:compileJava (Thread[#51,included builds,5,main]) started.

> Task :task:jia-task-api:compileJava
Deleting stale output file: /var/tmp/cyf-mmd-api-followup-v3-verification-20261001/normal-graph-output/jia/task__jia-task-api/tmp/compileJava/previous-compilation-data.bin
Deleting stale output file: /var/tmp/cyf-mmd-api-followup-v3-verification-20261001/normal-graph-output/jia/task__jia-task-api/classes/java/main
Deleting stale output file: /var/tmp/cyf-mmd-api-followup-v3-verification-20261001/normal-graph-output/jia/task__jia-task-api/generated/sources/annotationProcessor/java/main
Deleting stale output file: /var/tmp/cyf-mmd-api-followup-v3-verification-20261001/normal-graph-output/jia/task__jia-task-api/generated/sources/headers/java/main
Caching disabled for task ':task:jia-task-api:compileJava' because:
  Build cache is disabled
Task ':task:jia-task-api:compileJava' is not up-to-date because:
  No history is available.
The input changes require a full rebuild for incremental task ':task:jia-task-api:compileJava'.
Compilation mode: forking compiler
Full recompilation is required because no incremental change information is available. This is usually caused by clean builds or changing compiler arguments.
Compiling with toolchain '/home/isp/apps/jdk21'.
Compiling with JDK Java compiler API.
警告: 未知的枚举常量 JdbcType.UNDEFINED
  原因: 找不到org.apache.ibatis.type.JdbcType的类文件
警告: 未知的枚举常量 JdbcType.UNDEFINED
  原因: 找不到org.apache.ibatis.type.JdbcType的类文件
警告: 未知的枚举常量 JdbcType.UNDEFINED
  原因: 找不到org.apache.ibatis.type.JdbcType的类文件
警告: 未知的枚举常量 JdbcType.UNDEFINED
  原因: 找不到org.apache.ibatis.type.JdbcType的类文件
警告: 未知的枚举常量 JdbcType.UNDEFINED
  原因: 找不到org.apache.ibatis.type.JdbcType的类文件
5 个警告
Class dependency analysis for incremental compilation took 0.029 secs.
Created classpath snapshot for incremental compilation in 0.006 secs.
work action resolve main (project :task:jia-task-api) (Thread[#51,included builds,5,main]) started.
Resolve mutations for :user:jia-user-core:compileJava (Thread[#51,included builds,5,main]) started.
:user:jia-user-core:compileJava (Thread[#51,included builds,5,main]) started.

> Task :user:jia-user-core:compileJava
Deleting stale output file: /var/tmp/cyf-mmd-api-followup-v3-verification-20261001/normal-graph-output/jia/user__jia-user-core/tmp/compileJava/previous-compilation-data.bin
Deleting stale output file: /var/tmp/cyf-mmd-api-followup-v3-verification-20261001/normal-graph-output/jia/user__jia-user-core/classes/java/main
Deleting stale output file: /var/tmp/cyf-mmd-api-followup-v3-verification-20261001/normal-graph-output/jia/user__jia-user-core/generated/sources/headers/java/main
Deleting stale output file: /var/tmp/cyf-mmd-api-followup-v3-verification-20261001/normal-graph-output/jia/user__jia-user-core/generated/sources/annotationProcessor/java/main
Caching disabled for task ':user:jia-user-core:compileJava' because:
  Build cache is disabled
Task ':user:jia-user-core:compileJava' is not up-to-date because:
  No history is available.
The input changes require a full rebuild for incremental task ':user:jia-user-core:compileJava'.
Compilation mode: forking compiler
Full recompilation is required because no incremental change information is available. This is usually caused by clean builds or changing compiler arguments.
Compiling with toolchain '/home/isp/apps/jdk21'.
Compiling with JDK Java compiler API.
警告: 未知的枚举常量 JdbcType.UNDEFINED
  原因: 找不到org.apache.ibatis.type.JdbcType的类文件
警告: 未知的枚举常量 JdbcType.UNDEFINED
  原因: 找不到org.apache.ibatis.type.JdbcType的类文件
警告: 未知的枚举常量 JdbcType.UNDEFINED
  原因: 找不到org.apache.ibatis.type.JdbcType的类文件
警告: 未知的枚举常量 JdbcType.UNDEFINED
  原因: 找不到org.apache.ibatis.type.JdbcType的类文件
警告: 未知的枚举常量 JdbcType.UNDEFINED
  原因: 找不到org.apache.ibatis.type.JdbcType的类文件
5 个警告
Class dependency analysis for incremental compilation took 0.5 secs.
Created classpath snapshot for incremental compilation in 0.006 secs.
work action resolve main (project :user:jia-user-core) (Thread[#51,included builds,5,main]) started.
Resolve mutations for :user:jia-user-api:compileJava (Thread[#51,included builds,5,main]) started.
:user:jia-user-api:compileJava (Thread[#51,included builds,5,main]) started.

> Task :user:jia-user-api:compileJava
Deleting stale output file: /var/tmp/cyf-mmd-api-followup-v3-verification-20261001/normal-graph-output/jia/user__jia-user-api/generated/sources/headers/java/main
Deleting stale output file: /var/tmp/cyf-mmd-api-followup-v3-verification-20261001/normal-graph-output/jia/user__jia-user-api/classes/java/main
Deleting stale output file: /var/tmp/cyf-mmd-api-followup-v3-verification-20261001/normal-graph-output/jia/user__jia-user-api/generated/sources/annotationProcessor/java/main
Deleting stale output file: /var/tmp/cyf-mmd-api-followup-v3-verification-20261001/normal-graph-output/jia/user__jia-user-api/tmp/compileJava/previous-compilation-data.bin
Caching disabled for task ':user:jia-user-api:compileJava' because:
  Build cache is disabled
Task ':user:jia-user-api:compileJava' is not up-to-date because:
  No history is available.
The input changes require a full rebuild for incremental task ':user:jia-user-api:compileJava'.
Compilation mode: forking compiler
Full recompilation is required because no incremental change information is available. This is usually caused by clean builds or changing compiler arguments.
Compiling with toolchain '/home/isp/apps/jdk21'.
Compiling with JDK Java compiler API.
警告: 未知的枚举常量 JdbcType.UNDEFINED
  原因: 找不到org.apache.ibatis.type.JdbcType的类文件
警告: 未知的枚举常量 JdbcType.UNDEFINED
  原因: 找不到org.apache.ibatis.type.JdbcType的类文件
警告: 未知的枚举常量 JdbcType.UNDEFINED
  原因: 找不到org.apache.ibatis.type.JdbcType的类文件
警告: 未知的枚举常量 JdbcType.UNDEFINED
  原因: 找不到org.apache.ibatis.type.JdbcType的类文件
警告: 未知的枚举常量 JdbcType.UNDEFINED
  原因: 找不到org.apache.ibatis.type.JdbcType的类文件
5 个警告
Class dependency analysis for incremental compilation took 0.061 secs.
Created classpath snapshot for incremental compilation in 0.018 secs.
work action resolve main (project :user:jia-user-api) (Thread[#51,included builds,5,main]) started.
Resolve mutations for :agent:jia-agent-service:compileJava (Thread[#51,included builds,5,main]) started.
:agent:jia-agent-service:compileJava (Thread[#51,included builds,5,main]) started.

> Task :agent:jia-agent-service:compileJava
Deleting stale output file: /var/tmp/cyf-mmd-api-followup-v3-verification-20261001/normal-graph-output/jia/agent__jia-agent-service/classes/java/main
Deleting stale output file: /var/tmp/cyf-mmd-api-followup-v3-verification-20261001/normal-graph-output/jia/agent__jia-agent-service/generated/sources/headers/java/main
Deleting stale output file: /var/tmp/cyf-mmd-api-followup-v3-verification-20261001/normal-graph-output/jia/agent__jia-agent-service/generated/sources/annotationProcessor/java/main
Caching disabled for task ':agent:jia-agent-service:compileJava' because:
  Build cache is disabled
Task ':agent:jia-agent-service:compileJava' is not up-to-date because:
  No history is available.
The input changes require a full rebuild for incremental task ':agent:jia-agent-service:compileJava'.
Compilation mode: forking compiler
Compiling with toolchain '/home/isp/apps/jdk21'.
Stopped 1 worker daemon(s).
Starting process 'Gradle Worker Daemon 2'. Working directory: /root/.gradle/workers Command: /home/isp/apps/jdk21/bin/java -XX:+UseSerialGC -XX:ActiveProcessorCount=2 -XX:MaxMetaspaceSize=128m -Xss256k --add-exports=jdk.compiler/com.sun.tools.javac.api=ALL-UNNAMED --add-exports=jdk.compiler/com.sun.tools.javac.util=ALL-UNNAMED @/root/.gradle/.tmp/gradle-worker-classpath11831751455641329133txt -Xmx384m -Dfile.encoding=UTF-8 -Duser.country=CN -Duser.language=zh -Duser.variant worker.org.gradle.process.internal.worker.GradleWorkerMain 'Gradle Worker Daemon 2'
Successfully started process 'Gradle Worker Daemon 2'
Picked up JAVA_TOOL_OPTIONS: -XX:-UseJVMCICompiler
Started Gradle worker daemon (1.138 secs) with fork options DaemonForkOptions{executable=/home/isp/apps/jdk21/bin/java, minHeapSize=null, maxHeapSize=384m, jvmArgs=[-XX:+UseSerialGC, -XX:ActiveProcessorCount=2, -XX:MaxMetaspaceSize=128m, -Xss256k, --add-exports=jdk.compiler/com.sun.tools.javac.api=ALL-UNNAMED, --add-exports=jdk.compiler/com.sun.tools.javac.util=ALL-UNNAMED], keepAliveMode=DAEMON}.

This JVM does not support getting OS memory, so no OS memory status updates will be broadcast

> Task :agent:jia-agent-service:compileJava
Compiling with JDK Java compiler API.
注: 某些输入文件使用或覆盖了已过时的 API。
注: 有关详细信息, 请使用 -Xlint:deprecation 重新编译。
work action resolve main (project :agent:jia-agent-service) (Thread[#51,included builds,5,main]) started.
Resolve mutations for :agent:jia-agent-service:processResources (Thread[#51,included builds,5,main]) started.
:agent:jia-agent-service:processResources (Thread[#51,included builds,5,main]) started.

> Task :agent:jia-agent-service:processResources
Deleting stale output file: /var/tmp/cyf-mmd-api-followup-v3-verification-20261001/normal-graph-output/jia/agent__jia-agent-service/resources/main
Caching disabled for task ':agent:jia-agent-service:processResources' because:
  Build cache is disabled
  Not worth caching
Task ':agent:jia-agent-service:processResources' is not up-to-date because:
  No history is available.
Resolve mutations for :agent:jia-agent-service:classes (Thread[#51,included builds,5,main]) started.
:agent:jia-agent-service:classes (Thread[#51,included builds,5,main]) started.

> Task :agent:jia-agent-service:classes
Skipping task ':agent:jia-agent-service:classes' as it has no actions.
destroyer locations for task group 0 (Thread[#51,included builds,5,main]) started.
Resolve mutations for :agent:jia-agent-service:jar (Thread[#51,included builds,5,main]) started.
:agent:jia-agent-service:jar (Thread[#51,included builds,5,main]) started.

> Task :agent:jia-agent-service:jar
Deleting stale output file: /var/tmp/cyf-mmd-api-followup-v3-verification-20261001/normal-graph-output/jia/agent__jia-agent-service/libs/jia-agent-service-1.1.2-SNAPSHOT.jar
Caching disabled for task ':agent:jia-agent-service:jar' because:
  Build cache is disabled
  Not worth caching
Task ':agent:jia-agent-service:jar' is not up-to-date because:
  No history is available.
work action resolve jia-agent-service-1.1.2-SNAPSHOT.jar (project :agent:jia-agent-service) (Thread[#51,included builds,5,main]) started.
Resolve mutations for :agent:jia-agent-api:processResources (Thread[#51,included builds,5,main]) started.
:agent:jia-agent-api:processResources (Thread[#51,included builds,5,main]) started.

> Task :agent:jia-agent-api:processResources NO-SOURCE
Skipping task ':agent:jia-agent-api:processResources' as it has no source files and no previous output files.
Resolve mutations for :agent:jia-agent-api:classes (Thread[#51,included builds,5,main]) started.
:agent:jia-agent-api:classes (Thread[#51,included builds,5,main]) started.

> Task :agent:jia-agent-api:classes UP-TO-DATE
Skipping task ':agent:jia-agent-api:classes' as it has no actions.
Resolve mutations for :agent:jia-agent-api:jar (Thread[#51,included builds,5,main]) started.
:agent:jia-agent-api:jar (Thread[#51,included builds,5,main]) started.

> Task :agent:jia-agent-api:jar
Deleting stale output file: /var/tmp/cyf-mmd-api-followup-v3-verification-20261001/normal-graph-output/jia/agent__jia-agent-api/libs/jia-agent-api-1.1.2-SNAPSHOT.jar
Caching disabled for task ':agent:jia-agent-api:jar' because:
  Build cache is disabled
  Not worth caching
Task ':agent:jia-agent-api:jar' is not up-to-date because:
  No history is available.
file or directory '/var/tmp/cyf-mmd-api-followup-v3-verification-20261001/normal-graph-output/jia/agent__jia-agent-api/resources/main', not found
work action resolve jia-agent-api-1.1.2-SNAPSHOT.jar (project :agent:jia-agent-api) (Thread[#51,included builds,5,main]) started.
Resolve mutations for :agent:jia-agent-core:processResources (Thread[#51,included builds,5,main]) started.
:agent:jia-agent-core:processResources (Thread[#51,included builds,5,main]) started.

> Task :agent:jia-agent-core:processResources NO-SOURCE
Skipping task ':agent:jia-agent-core:processResources' as it has no source files and no previous output files.
Resolve mutations for :agent:jia-agent-core:classes (Thread[#51,included builds,5,main]) started.
:agent:jia-agent-core:classes (Thread[#51,included builds,5,main]) started.

> Task :agent:jia-agent-core:classes UP-TO-DATE
Skipping task ':agent:jia-agent-core:classes' as it has no actions.
Resolve mutations for :agent:jia-agent-core:jar (Thread[#51,included builds,5,main]) started.
:agent:jia-agent-core:jar (Thread[#51,included builds,5,main]) started.

> Task :agent:jia-agent-core:jar
Deleting stale output file: /var/tmp/cyf-mmd-api-followup-v3-verification-20261001/normal-graph-output/jia/agent__jia-agent-core/libs/jia-agent-core-1.1.2-SNAPSHOT.jar
Caching disabled for task ':agent:jia-agent-core:jar' because:
  Build cache is disabled
  Not worth caching
Task ':agent:jia-agent-core:jar' is not up-to-date because:
  No history is available.
file or directory '/var/tmp/cyf-mmd-api-followup-v3-verification-20261001/normal-graph-output/jia/agent__jia-agent-core/resources/main', not found
work action resolve jia-agent-core-1.1.2-SNAPSHOT.jar (project :agent:jia-agent-core) (Thread[#51,included builds,5,main]) started.
Resolve mutations for :agent:jia-agent-mapper:processResources (Thread[#51,included builds,5,main]) started.
:agent:jia-agent-mapper:processResources (Thread[#51,included builds,5,main]) started.

> Task :agent:jia-agent-mapper:processResources
Deleting stale output file: /var/tmp/cyf-mmd-api-followup-v3-verification-20261001/normal-graph-output/jia/agent__jia-agent-mapper/resources/main
Caching disabled for task ':agent:jia-agent-mapper:processResources' because:
  Build cache is disabled
  Not worth caching
Task ':agent:jia-agent-mapper:processResources' is not up-to-date because:
  No history is available.
Resolve mutations for :agent:jia-agent-mapper:classes (Thread[#51,included builds,5,main]) started.
:agent:jia-agent-mapper:classes (Thread[#51,included builds,5,main]) started.

> Task :agent:jia-agent-mapper:classes
Skipping task ':agent:jia-agent-mapper:classes' as it has no actions.
Resolve mutations for :agent:jia-agent-mapper:jar (Thread[#51,included builds,5,main]) started.
:agent:jia-agent-mapper:jar (Thread[#51,included builds,5,main]) started.

> Task :agent:jia-agent-mapper:jar
Deleting stale output file: /var/tmp/cyf-mmd-api-followup-v3-verification-20261001/normal-graph-output/jia/agent__jia-agent-mapper/libs/jia-agent-mapper-1.1.2-SNAPSHOT.jar
Caching disabled for task ':agent:jia-agent-mapper:jar' because:
  Build cache is disabled
  Not worth caching
Task ':agent:jia-agent-mapper:jar' is not up-to-date because:
  No history is available.
work action resolve jia-agent-mapper-1.1.2-SNAPSHOT.jar (project :agent:jia-agent-mapper) (Thread[#51,included builds,5,main]) started.
Resolve mutations for :agent:jia-agent-service:compileMmdControlledImageFollowupV3Java (Thread[#51,included builds,5,main]) started.
:agent:jia-agent-service:compileMmdControlledImageFollowupV3Java (Thread[#51,included builds,5,main]) started.

> Task :agent:jia-agent-service:compileMmdControlledImageFollowupV3Java
Deleting stale output file: /var/tmp/cyf-mmd-api-followup-v3-verification-20261001/normal-graph-output/jia/agent__jia-agent-service/generated/sources/annotationProcessor/java/mmdControlledImageFollowupV3
Deleting stale output file: /var/tmp/cyf-mmd-api-followup-v3-verification-20261001/normal-graph-output/jia/agent__jia-agent-service/classes/java/mmdControlledImageFollowupV3
Deleting stale output file: /var/tmp/cyf-mmd-api-followup-v3-verification-20261001/normal-graph-output/jia/agent__jia-agent-service/generated/sources/headers/java/mmdControlledImageFollowupV3
Caching disabled for task ':agent:jia-agent-service:compileMmdControlledImageFollowupV3Java' because:
  Build cache is disabled
Task ':agent:jia-agent-service:compileMmdControlledImageFollowupV3Java' is not up-to-date because:
  No history is available.
The input changes require a full rebuild for incremental task ':agent:jia-agent-service:compileMmdControlledImageFollowupV3Java'.
Compilation mode: forking compiler
Compiling with toolchain '/home/isp/apps/jdk21'.
file or directory '/home/isp/wsps/cyf/.worktrees/juyiting-multimedia-deliberation-20260928/api-consent-restart-catalog-owner-20261001/agent/jia-agent-service/src/mmdControlledImageFollowupV3/java', not found
Compiling with JDK Java compiler API.
Resolve mutations for :agent:jia-agent-service:processMmdControlledImageFollowupV3Resources (Thread[#51,included builds,5,main]) started.
:agent:jia-agent-service:processMmdControlledImageFollowupV3Resources (Thread[#51,included builds,5,main]) started.

> Task :agent:jia-agent-service:processMmdControlledImageFollowupV3Resources
Deleting stale output file: /var/tmp/cyf-mmd-api-followup-v3-verification-20261001/normal-graph-output/jia/agent__jia-agent-service/resources/mmdControlledImageFollowupV3
Caching disabled for task ':agent:jia-agent-service:processMmdControlledImageFollowupV3Resources' because:
  Build cache is disabled
  Not worth caching
Task ':agent:jia-agent-service:processMmdControlledImageFollowupV3Resources' is not up-to-date because:
  No history is available.
file or directory '/home/isp/wsps/cyf/.worktrees/juyiting-multimedia-deliberation-20260928/api-consent-restart-catalog-owner-20261001/agent/jia-agent-service/src/mmdControlledImageFollowupV3/resources', not found
Resolve mutations for :agent:jia-agent-service:mmdControlledImageFollowupV3Classes (Thread[#51,included builds,5,main]) started.
:agent:jia-agent-service:mmdControlledImageFollowupV3Classes (Thread[#51,included builds,5,main]) started.

> Task :agent:jia-agent-service:mmdControlledImageFollowupV3Classes
Skipping task ':agent:jia-agent-service:mmdControlledImageFollowupV3Classes' as it has no actions.
Resolve mutations for :chat:jia-chat-api:processResources (Thread[#51,included builds,5,main]) started.
:chat:jia-chat-api:processResources (Thread[#51,included builds,5,main]) started.

> Task :chat:jia-chat-api:processResources NO-SOURCE
Skipping task ':chat:jia-chat-api:processResources' as it has no source files and no previous output files.
Resolve mutations for :chat:jia-chat-api:classes (Thread[#51,included builds,5,main]) started.
:chat:jia-chat-api:classes (Thread[#51,included builds,5,main]) started.

> Task :chat:jia-chat-api:classes UP-TO-DATE
Skipping task ':chat:jia-chat-api:classes' as it has no actions.
Resolve mutations for :chat:jia-chat-api:jar (Thread[#51,included builds,5,main]) started.
:chat:jia-chat-api:jar (Thread[#51,included builds,5,main]) started.

> Task :chat:jia-chat-api:jar
Deleting stale output file: /var/tmp/cyf-mmd-api-followup-v3-verification-20261001/normal-graph-output/jia/chat__jia-chat-api/libs/jia-chat-api-1.1.2-SNAPSHOT.jar
Caching disabled for task ':chat:jia-chat-api:jar' because:
  Build cache is disabled
  Not worth caching
Task ':chat:jia-chat-api:jar' is not up-to-date because:
  No history is available.
file or directory '/var/tmp/cyf-mmd-api-followup-v3-verification-20261001/normal-graph-output/jia/chat__jia-chat-api/resources/main', not found
work action resolve jia-chat-api-1.1.2-SNAPSHOT.jar (project :chat:jia-chat-api) (Thread[#51,included builds,5,main]) started.
Resolve mutations for :chat:jia-chat-core:processResources (Thread[#51,included builds,5,main]) started.
:chat:jia-chat-core:processResources (Thread[#51,included builds,5,main]) started.

> Task :chat:jia-chat-core:processResources NO-SOURCE
Skipping task ':chat:jia-chat-core:processResources' as it has no source files and no previous output files.
Resolve mutations for :chat:jia-chat-core:classes (Thread[#51,included builds,5,main]) started.
:chat:jia-chat-core:classes (Thread[#51,included builds,5,main]) started.

> Task :chat:jia-chat-core:classes UP-TO-DATE
Skipping task ':chat:jia-chat-core:classes' as it has no actions.
Resolve mutations for :chat:jia-chat-core:jar (Thread[#51,included builds,5,main]) started.
:chat:jia-chat-core:jar (Thread[#51,included builds,5,main]) started.

> Task :chat:jia-chat-core:jar
Deleting stale output file: /var/tmp/cyf-mmd-api-followup-v3-verification-20261001/normal-graph-output/jia/chat__jia-chat-core/libs/jia-chat-core-1.1.2-SNAPSHOT.jar
Caching disabled for task ':chat:jia-chat-core:jar' because:
  Build cache is disabled
  Not worth caching
Task ':chat:jia-chat-core:jar' is not up-to-date because:
  No history is available.
file or directory '/var/tmp/cyf-mmd-api-followup-v3-verification-20261001/normal-graph-output/jia/chat__jia-chat-core/resources/main', not found
work action resolve jia-chat-core-1.1.2-SNAPSHOT.jar (project :chat:jia-chat-core) (Thread[#51,included builds,5,main]) started.
Resolve mutations for :common:jia-common-api:processResources (Thread[#51,included builds,5,main]) started.
:common:jia-common-api:processResources (Thread[#51,included builds,5,main]) started.

> Task :common:jia-common-api:processResources NO-SOURCE
Skipping task ':common:jia-common-api:processResources' as it has no source files and no previous output files.
Resolve mutations for :common:jia-common-api:classes (Thread[#51,included builds,5,main]) started.
:common:jia-common-api:classes (Thread[#51,included builds,5,main]) started.

> Task :common:jia-common-api:classes UP-TO-DATE
Skipping task ':common:jia-common-api:classes' as it has no actions.
Resolve mutations for :common:jia-common-api:jar (Thread[#51,included builds,5,main]) started.
:common:jia-common-api:jar (Thread[#51,included builds,5,main]) started.

> Task :common:jia-common-api:jar
Deleting stale output file: /var/tmp/cyf-mmd-api-followup-v3-verification-20261001/normal-graph-output/jia/common__jia-common-api/libs/jia-common-api-1.1.2-SNAPSHOT.jar
Caching disabled for task ':common:jia-common-api:jar' because:
  Build cache is disabled
  Not worth caching
Task ':common:jia-common-api:jar' is not up-to-date because:
  No history is available.
file or directory '/var/tmp/cyf-mmd-api-followup-v3-verification-20261001/normal-graph-output/jia/common__jia-common-api/resources/main', not found
work action resolve jia-common-api-1.1.2-SNAPSHOT.jar (project :common:jia-common-api) (Thread[#51,included builds,5,main]) started.
Resolve mutations for :common:jia-common-mapper:processResources (Thread[#51,included builds,5,main]) started.
:common:jia-common-mapper:processResources (Thread[#51,included builds,5,main]) started.

> Task :common:jia-common-mapper:processResources NO-SOURCE
Skipping task ':common:jia-common-mapper:processResources' as it has no source files and no previous output files.
Resolve mutations for :common:jia-common-mapper:classes (Thread[#51,included builds,5,main]) started.
:common:jia-common-mapper:classes (Thread[#51,included builds,5,main]) started.

> Task :common:jia-common-mapper:classes UP-TO-DATE
Skipping task ':common:jia-common-mapper:classes' as it has no actions.
Resolve mutations for :common:jia-common-mapper:jar (Thread[#51,included builds,5,main]) started.
:common:jia-common-mapper:jar (Thread[#51,included builds,5,main]) started.

> Task :common:jia-common-mapper:jar
Deleting stale output file: /var/tmp/cyf-mmd-api-followup-v3-verification-20261001/normal-graph-output/jia/common__jia-common-mapper/libs/jia-common-mapper-1.1.2-SNAPSHOT.jar
Caching disabled for task ':common:jia-common-mapper:jar' because:
  Build cache is disabled
  Not worth caching
Task ':common:jia-common-mapper:jar' is not up-to-date because:
  No history is available.
file or directory '/var/tmp/cyf-mmd-api-followup-v3-verification-20261001/normal-graph-output/jia/common__jia-common-mapper/resources/main', not found
work action resolve jia-common-mapper-1.1.2-SNAPSHOT.jar (project :common:jia-common-mapper) (Thread[#51,included builds,5,main]) started.
Resolve mutations for :common:jia-common-service:processResources (Thread[#51,included builds,5,main]) started.
:common:jia-common-service:processResources (Thread[#51,included builds,5,main]) started.

> Task :common:jia-common-service:processResources
Deleting stale output file: /var/tmp/cyf-mmd-api-followup-v3-verification-20261001/normal-graph-output/jia/common__jia-common-service/resources/main
Caching disabled for task ':common:jia-common-service:processResources' because:
  Build cache is disabled
  Not worth caching
Task ':common:jia-common-service:processResources' is not up-to-date because:
  No history is available.
Resolve mutations for :common:jia-common-service:classes (Thread[#51,included builds,5,main]) started.
:common:jia-common-service:classes (Thread[#51,included builds,5,main]) started.

> Task :common:jia-common-service:classes
Skipping task ':common:jia-common-service:classes' as it has no actions.
Resolve mutations for :common:jia-common-service:jar (Thread[#51,included builds,5,main]) started.
:common:jia-common-service:jar (Thread[#51,included builds,5,main]) started.

> Task :common:jia-common-service:jar
Deleting stale output file: /var/tmp/cyf-mmd-api-followup-v3-verification-20261001/normal-graph-output/jia/common__jia-common-service/libs/jia-common-service-1.1.2-SNAPSHOT.jar
Caching disabled for task ':common:jia-common-service:jar' because:
  Build cache is disabled
  Not worth caching
Task ':common:jia-common-service:jar' is not up-to-date because:
  No history is available.
work action resolve jia-common-service-1.1.2-SNAPSHOT.jar (project :common:jia-common-service) (Thread[#51,included builds,5,main]) started.
Resolve mutations for :economy:jia-economy-api:processResources (Thread[#51,included builds,5,main]) started.
:economy:jia-economy-api:processResources (Thread[#51,included builds,5,main]) started.

> Task :economy:jia-economy-api:processResources NO-SOURCE
Skipping task ':economy:jia-economy-api:processResources' as it has no source files and no previous output files.
Resolve mutations for :economy:jia-economy-api:classes (Thread[#51,included builds,5,main]) started.
:economy:jia-economy-api:classes (Thread[#51,included builds,5,main]) started.

> Task :economy:jia-economy-api:classes UP-TO-DATE
Skipping task ':economy:jia-economy-api:classes' as it has no actions.
Resolve mutations for :economy:jia-economy-api:jar (Thread[#51,included builds,5,main]) started.
:economy:jia-economy-api:jar (Thread[#51,included builds,5,main]) started.

> Task :economy:jia-economy-api:jar
Deleting stale output file: /var/tmp/cyf-mmd-api-followup-v3-verification-20261001/normal-graph-output/jia/economy__jia-economy-api/libs/jia-economy-api-1.1.2-SNAPSHOT.jar
Caching disabled for task ':economy:jia-economy-api:jar' because:
  Build cache is disabled
  Not worth caching
Task ':economy:jia-economy-api:jar' is not up-to-date because:
  No history is available.
file or directory '/var/tmp/cyf-mmd-api-followup-v3-verification-20261001/normal-graph-output/jia/economy__jia-economy-api/resources/main', not found
work action resolve jia-economy-api-1.1.2-SNAPSHOT.jar (project :economy:jia-economy-api) (Thread[#51,included builds,5,main]) started.
Resolve mutations for :economy:jia-economy-core:processResources (Thread[#51,included builds,5,main]) started.
:economy:jia-economy-core:processResources (Thread[#51,included builds,5,main]) started.

> Task :economy:jia-economy-core:processResources NO-SOURCE
Skipping task ':economy:jia-economy-core:processResources' as it has no source files and no previous output files.
Resolve mutations for :economy:jia-economy-core:classes (Thread[#51,included builds,5,main]) started.
:economy:jia-economy-core:classes (Thread[#51,included builds,5,main]) started.

> Task :economy:jia-economy-core:classes UP-TO-DATE
Skipping task ':economy:jia-economy-core:classes' as it has no actions.
Resolve mutations for :economy:jia-economy-core:jar (Thread[#51,included builds,5,main]) started.
:economy:jia-economy-core:jar (Thread[#51,included builds,5,main]) started.

> Task :economy:jia-economy-core:jar
Deleting stale output file: /var/tmp/cyf-mmd-api-followup-v3-verification-20261001/normal-graph-output/jia/economy__jia-economy-core/libs/jia-economy-core-1.1.2-SNAPSHOT.jar
Caching disabled for task ':economy:jia-economy-core:jar' because:
  Build cache is disabled
  Not worth caching
Task ':economy:jia-economy-core:jar' is not up-to-date because:
  No history is available.
file or directory '/var/tmp/cyf-mmd-api-followup-v3-verification-20261001/normal-graph-output/jia/economy__jia-economy-core/resources/main', not found
work action resolve jia-economy-core-1.1.2-SNAPSHOT.jar (project :economy:jia-economy-core) (Thread[#51,included builds,5,main]) started.
Resolve mutations for :economy:jia-economy-mapper:processResources (Thread[#51,included builds,5,main]) started.
:economy:jia-economy-mapper:processResources (Thread[#51,included builds,5,main]) started.

> Task :economy:jia-economy-mapper:processResources
Deleting stale output file: /var/tmp/cyf-mmd-api-followup-v3-verification-20261001/normal-graph-output/jia/economy__jia-economy-mapper/resources/main
Caching disabled for task ':economy:jia-economy-mapper:processResources' because:
  Build cache is disabled
  Not worth caching
Task ':economy:jia-economy-mapper:processResources' is not up-to-date because:
  No history is available.
Resolve mutations for :economy:jia-economy-mapper:classes (Thread[#51,included builds,5,main]) started.
:economy:jia-economy-mapper:classes (Thread[#51,included builds,5,main]) started.

> Task :economy:jia-economy-mapper:classes
Skipping task ':economy:jia-economy-mapper:classes' as it has no actions.
Resolve mutations for :economy:jia-economy-mapper:jar (Thread[#51,included builds,5,main]) started.
:economy:jia-economy-mapper:jar (Thread[#51,included builds,5,main]) started.

> Task :economy:jia-economy-mapper:jar
Deleting stale output file: /var/tmp/cyf-mmd-api-followup-v3-verification-20261001/normal-graph-output/jia/economy__jia-economy-mapper/libs/jia-economy-mapper-1.1.2-SNAPSHOT.jar
Caching disabled for task ':economy:jia-economy-mapper:jar' because:
  Build cache is disabled
  Not worth caching
Task ':economy:jia-economy-mapper:jar' is not up-to-date because:
  No history is available.
work action resolve jia-economy-mapper-1.1.2-SNAPSHOT.jar (project :economy:jia-economy-mapper) (Thread[#51,included builds,5,main]) started.
Resolve mutations for :economy:jia-economy-service:processResources (Thread[#51,included builds,5,main]) started.
:economy:jia-economy-service:processResources (Thread[#51,included builds,5,main]) started.

> Task :economy:jia-economy-service:processResources
Deleting stale output file: /var/tmp/cyf-mmd-api-followup-v3-verification-20261001/normal-graph-output/jia/economy__jia-economy-service/resources/main
Caching disabled for task ':economy:jia-economy-service:processResources' because:
  Build cache is disabled
  Not worth caching
Task ':economy:jia-economy-service:processResources' is not up-to-date because:
  No history is available.
Resolve mutations for :economy:jia-economy-service:classes (Thread[#51,included builds,5,main]) started.
:economy:jia-economy-service:classes (Thread[#51,included builds,5,main]) started.

> Task :economy:jia-economy-service:classes
Skipping task ':economy:jia-economy-service:classes' as it has no actions.
Resolve mutations for :economy:jia-economy-service:jar (Thread[#51,included builds,5,main]) started.
:economy:jia-economy-service:jar (Thread[#51,included builds,5,main]) started.

> Task :economy:jia-economy-service:jar
Deleting stale output file: /var/tmp/cyf-mmd-api-followup-v3-verification-20261001/normal-graph-output/jia/economy__jia-economy-service/libs/jia-economy-service-1.1.2-SNAPSHOT.jar
Caching disabled for task ':economy:jia-economy-service:jar' because:
  Build cache is disabled
  Not worth caching
Task ':economy:jia-economy-service:jar' is not up-to-date because:
  No history is available.
work action resolve jia-economy-service-1.1.2-SNAPSHOT.jar (project :economy:jia-economy-service) (Thread[#51,included builds,5,main]) started.
Resolve mutations for :user:jia-user-api:processResources (Thread[#51,included builds,5,main]) started.
:user:jia-user-api:processResources (Thread[#51,included builds,5,main]) started.

> Task :user:jia-user-api:processResources NO-SOURCE
Skipping task ':user:jia-user-api:processResources' as it has no source files and no previous output files.
Resolve mutations for :user:jia-user-api:classes (Thread[#51,included builds,5,main]) started.
:user:jia-user-api:classes (Thread[#51,included builds,5,main]) started.

> Task :user:jia-user-api:classes
Skipping task ':user:jia-user-api:classes' as it has no actions.
Resolve mutations for :user:jia-user-api:jar (Thread[#51,included builds,5,main]) started.
:user:jia-user-api:jar (Thread[#51,included builds,5,main]) started.

> Task :user:jia-user-api:jar
Deleting stale output file: /var/tmp/cyf-mmd-api-followup-v3-verification-20261001/normal-graph-output/jia/user__jia-user-api/libs/jia-user-api-1.1.2-SNAPSHOT.jar
Caching disabled for task ':user:jia-user-api:jar' because:
  Build cache is disabled
  Not worth caching
Task ':user:jia-user-api:jar' is not up-to-date because:
  No history is available.
file or directory '/var/tmp/cyf-mmd-api-followup-v3-verification-20261001/normal-graph-output/jia/user__jia-user-api/resources/main', not found
work action resolve jia-user-api-1.1.2-SNAPSHOT.jar (project :user:jia-user-api) (Thread[#51,included builds,5,main]) started.
Resolve mutations for :user:jia-user-core:processResources (Thread[#51,included builds,5,main]) started.
:user:jia-user-core:processResources (Thread[#51,included builds,5,main]) started.

> Task :user:jia-user-core:processResources NO-SOURCE
Skipping task ':user:jia-user-core:processResources' as it has no source files and no previous output files.
Resolve mutations for :user:jia-user-core:classes (Thread[#51,included builds,5,main]) started.
:user:jia-user-core:classes (Thread[#51,included builds,5,main]) started.

> Task :user:jia-user-core:classes
Skipping task ':user:jia-user-core:classes' as it has no actions.
Resolve mutations for :user:jia-user-core:jar (Thread[#51,included builds,5,main]) started.
:user:jia-user-core:jar (Thread[#51,included builds,5,main]) started.

> Task :user:jia-user-core:jar
Deleting stale output file: /var/tmp/cyf-mmd-api-followup-v3-verification-20261001/normal-graph-output/jia/user__jia-user-core/libs/jia-user-core-1.1.2-SNAPSHOT.jar
Caching disabled for task ':user:jia-user-core:jar' because:
  Build cache is disabled
  Not worth caching
Task ':user:jia-user-core:jar' is not up-to-date because:
  No history is available.
file or directory '/var/tmp/cyf-mmd-api-followup-v3-verification-20261001/normal-graph-output/jia/user__jia-user-core/resources/main', not found
work action resolve jia-user-core-1.1.2-SNAPSHOT.jar (project :user:jia-user-core) (Thread[#51,included builds,5,main]) started.
Resolve mutations for :agent:jia-agent-service:mmdControlledImageFollowupV3 (Thread[#51,included builds,5,main]) started.
:agent:jia-agent-service:mmdControlledImageFollowupV3 (Thread[#51,included builds,5,main]) started.

> Task :agent:jia-agent-service:mmdControlledImageFollowupV3
Deleting stale output file: /var/tmp/cyf-mmd-api-followup-v3-verification-20261001/normal-graph-output/jia/agent__jia-agent-service/test-results/mmdControlledImageFollowupV3/binary
Deleting stale output file: /var/tmp/cyf-mmd-api-followup-v3-verification-20261001/normal-graph-output/jia/agent__jia-agent-service/test-results/mmdControlledImageFollowupV3
Deleting stale output file: /var/tmp/cyf-mmd-api-followup-v3-verification-20261001/normal-graph-output/jia/agent__jia-agent-service/reports/tests/mmdControlledImageFollowupV3
Caching disabled for task ':agent:jia-agent-service:mmdControlledImageFollowupV3' because:
  Build cache is disabled
Task ':agent:jia-agent-service:mmdControlledImageFollowupV3' is not up-to-date because:
  Task.upToDateWhen is false.
Stopped 1 worker daemon(s).
Starting process 'Gradle Test Executor 3'. Working directory: /home/isp/wsps/cyf/.worktrees/juyiting-multimedia-deliberation-20260928/api-consent-restart-catalog-owner-20261001/agent/jia-agent-service Command: /home/isp/apps/jdk21/bin/java -Dorg.gradle.internal.worker.tmpdir=/var/tmp/cyf-mmd-api-followup-v3-verification-20261001/normal-graph-output/jia/agent__jia-agent-service/tmp/mmdControlledImageFollowupV3/work -XX:+UseSerialGC -XX:ActiveProcessorCount=2 -XX:MaxMetaspaceSize=128m -Xss256k @/root/.gradle/.tmp/gradle-worker-classpath17125472135648783302txt -Xmx192m -Dfile.encoding=UTF-8 -Duser.country=CN -Duser.language=zh -Duser.variant -ea worker.org.gradle.process.internal.worker.GradleWorkerMain 'Gradle Test Executor 3'
Successfully started process 'Gradle Test Executor 3'
Picked up JAVA_TOOL_OPTIONS: -XX:-UseJVMCICompiler

Gradle Test Executor 3 started executing tests.

> Task :agent:jia-agent-service:mmdControlledImageFollowupV3

AgentRuntimeControlledImageV3SecurityIntegrationTest > onlyExactV3InboxInputsAndProviderStartRoutesEnterRuntimeLane() STANDARD_ERROR
    2026-10-01T13:46:37.717068293Z Test worker ERROR Log4j API could not find a logging provider.

AgentTaskProviderCostConsentServiceImplTest STANDARD_ERROR
    Mockito is currently self-attaching to enable the inline-mock-maker. This will no longer work in future releases of the JDK. Please add Mockito as an agent to your build as described in Mockito's documentation: https://javadoc.io/doc/org.mockito/mockito-core/latest/org.mockito/org/mockito/Mockito.html#0.3
    WARNING: A Java agent has been loaded dynamically (/root/.gradle/caches/modules-2/files-2.1/net.bytebuddy/byte-buddy-agent/1.17.8/f09415827a71be7ed621c7bd02550678f28bc81c/byte-buddy-agent-1.17.8.jar)
    WARNING: If a serviceability tool is in use, please run with -XX:+EnableDynamicAgentLoading to hide this warning
    WARNING: If a serviceability tool is not in use, please run with -Djdk.instrument.traceUsage for more information
    WARNING: Dynamic loading of agents will be disallowed by default in a future release

Java HotSpot(TM) 64-Bit Server VM warning: Sharing is only supported for boot loader classes because bootstrap classpath has been appended
Gradle Test Executor 3 finished executing tests.

> Task :agent:jia-agent-service:mmdControlledImageFollowupV3
Generating HTML test report...
Finished generating test html results (0.107 secs) into: /var/tmp/cyf-mmd-api-followup-v3-verification-20261001/normal-graph-output/jia/agent__jia-agent-service/reports/tests/mmdControlledImageFollowupV3
Finished generating test XML results (0.029 secs) into: /var/tmp/cyf-mmd-api-followup-v3-verification-20261001/normal-graph-output/jia/agent__jia-agent-service/test-results/mmdControlledImageFollowupV3
Resolve mutations for :chat:jia-chat-mapper:compileJava (Thread[#51,included builds,5,main]) started.
:chat:jia-chat-mapper:compileJava (Thread[#51,included builds,5,main]) started.
This JVM does not support getting OS memory, so no OS memory status updates will be broadcast

> Task :chat:jia-chat-mapper:compileJava
Deleting stale output file: /var/tmp/cyf-mmd-api-followup-v3-verification-20261001/normal-graph-output/jia/chat__jia-chat-mapper/tmp/compileJava/previous-compilation-data.bin
Deleting stale output file: /var/tmp/cyf-mmd-api-followup-v3-verification-20261001/normal-graph-output/jia/chat__jia-chat-mapper/generated/sources/annotationProcessor/java/main
Deleting stale output file: /var/tmp/cyf-mmd-api-followup-v3-verification-20261001/normal-graph-output/jia/chat__jia-chat-mapper/generated/sources/headers/java/main
Deleting stale output file: /var/tmp/cyf-mmd-api-followup-v3-verification-20261001/normal-graph-output/jia/chat__jia-chat-mapper/classes/java/main
Caching disabled for task ':chat:jia-chat-mapper:compileJava' because:
  Build cache is disabled
Task ':chat:jia-chat-mapper:compileJava' is not up-to-date because:
  No history is available.
The input changes require a full rebuild for incremental task ':chat:jia-chat-mapper:compileJava'.
Compilation mode: forking compiler
Full recompilation is required because no incremental change information is available. This is usually caused by clean builds or changing compiler arguments.
Compiling with toolchain '/home/isp/apps/jdk21'.
Starting process 'Gradle Worker Daemon 4'. Working directory: /root/.gradle/workers Command: /home/isp/apps/jdk21/bin/java -XX:+UseSerialGC -XX:ActiveProcessorCount=2 -XX:MaxMetaspaceSize=128m -Xss256k --add-exports=jdk.compiler/com.sun.tools.javac.api=ALL-UNNAMED --add-exports=jdk.compiler/com.sun.tools.javac.util=ALL-UNNAMED @/root/.gradle/.tmp/gradle-worker-classpath10131902817868620884txt -Xmx256m -Dfile.encoding=UTF-8 -Duser.country=CN -Duser.language=zh -Duser.variant worker.org.gradle.process.internal.worker.GradleWorkerMain 'Gradle Worker Daemon 4'
Successfully started process 'Gradle Worker Daemon 4'
Picked up JAVA_TOOL_OPTIONS: -XX:-UseJVMCICompiler
Started Gradle worker daemon (0.864 secs) with fork options DaemonForkOptions{executable=/home/isp/apps/jdk21/bin/java, minHeapSize=null, maxHeapSize=256m, jvmArgs=[-XX:+UseSerialGC, -XX:ActiveProcessorCount=2, -XX:MaxMetaspaceSize=128m, -Xss256k, --add-exports=jdk.compiler/com.sun.tools.javac.api=ALL-UNNAMED, --add-exports=jdk.compiler/com.sun.tools.javac.util=ALL-UNNAMED], keepAliveMode=DAEMON}.
Compiling with JDK Java compiler API.
Class dependency analysis for incremental compilation took 0.137 secs.
Created classpath snapshot for incremental compilation in 0.007 secs.
work action resolve main (project :chat:jia-chat-mapper) (Thread[#51,included builds,5,main]) started.
Resolve mutations for :chat:jia-chat-mapper:processResources (Thread[#51,included builds,5,main]) started.
:chat:jia-chat-mapper:processResources (Thread[#51,included builds,5,main]) started.

> Task :chat:jia-chat-mapper:processResources
Caching disabled for task ':chat:jia-chat-mapper:processResources' because:
  Build cache is disabled
  Not worth caching
Task ':chat:jia-chat-mapper:processResources' is not up-to-date because:
  No history is available.
Resolve mutations for :chat:jia-chat-mapper:classes (Thread[#51,included builds,5,main]) started.
:chat:jia-chat-mapper:classes (Thread[#51,included builds,5,main]) started.

> Task :chat:jia-chat-mapper:classes
Skipping task ':chat:jia-chat-mapper:classes' as it has no actions.
Resolve mutations for :chat:jia-chat-mapper:jar (Thread[#51,included builds,5,main]) started.
:chat:jia-chat-mapper:jar (Thread[#51,included builds,5,main]) started.

> Task :chat:jia-chat-mapper:jar
Caching disabled for task ':chat:jia-chat-mapper:jar' because:
  Build cache is disabled
  Not worth caching
Task ':chat:jia-chat-mapper:jar' is not up-to-date because:
  No history is available.
work action resolve jia-chat-mapper-1.1.2-SNAPSHOT.jar (project :chat:jia-chat-mapper) (Thread[#51,included builds,5,main]) started.
Resolve mutations for :kefu:jia-kefu-core:compileJava (Thread[#51,included builds,5,main]) started.
:kefu:jia-kefu-core:compileJava (Thread[#51,included builds,5,main]) started.

> Task :kefu:jia-kefu-core:compileJava
Deleting stale output file: /var/tmp/cyf-mmd-api-followup-v3-verification-20261001/normal-graph-output/jia/kefu__jia-kefu-core/classes/java/main
Deleting stale output file: /var/tmp/cyf-mmd-api-followup-v3-verification-20261001/normal-graph-output/jia/kefu__jia-kefu-core/generated/sources/annotationProcessor/java/main
Deleting stale output file: /var/tmp/cyf-mmd-api-followup-v3-verification-20261001/normal-graph-output/jia/kefu__jia-kefu-core/tmp/compileJava/previous-compilation-data.bin
Deleting stale output file: /var/tmp/cyf-mmd-api-followup-v3-verification-20261001/normal-graph-output/jia/kefu__jia-kefu-core/generated/sources/headers/java/main
Caching disabled for task ':kefu:jia-kefu-core:compileJava' because:
  Build cache is disabled
Task ':kefu:jia-kefu-core:compileJava' is not up-to-date because:
  No history is available.
The input changes require a full rebuild for incremental task ':kefu:jia-kefu-core:compileJava'.
Compilation mode: forking compiler
Full recompilation is required because no incremental change information is available. This is usually caused by clean builds or changing compiler arguments.
Compiling with toolchain '/home/isp/apps/jdk21'.
Compiling with JDK Java compiler API.
警告: 未知的枚举常量 JdbcType.UNDEFINED
  原因: 找不到org.apache.ibatis.type.JdbcType的类文件
警告: 未知的枚举常量 JdbcType.UNDEFINED
  原因: 找不到org.apache.ibatis.type.JdbcType的类文件
警告: 未知的枚举常量 JdbcType.UNDEFINED
  原因: 找不到org.apache.ibatis.type.JdbcType的类文件
警告: 未知的枚举常量 JdbcType.UNDEFINED
  原因: 找不到org.apache.ibatis.type.JdbcType的类文件
警告: 未知的枚举常量 JdbcType.UNDEFINED
  原因: 找不到org.apache.ibatis.type.JdbcType的类文件
5 个警告
Class dependency analysis for incremental compilation took 0.011 secs.
Created classpath snapshot for incremental compilation in 0.001 secs.
work action resolve main (project :kefu:jia-kefu-core) (Thread[#51,included builds,5,main]) started.
Resolve mutations for :kefu:jia-kefu-api:compileJava (Thread[#51,included builds,5,main]) started.
:kefu:jia-kefu-api:compileJava (Thread[#51,included builds,5,main]) started.

> Task :kefu:jia-kefu-api:compileJava
Deleting stale output file: /var/tmp/cyf-mmd-api-followup-v3-verification-20261001/normal-graph-output/jia/kefu__jia-kefu-api/tmp/compileJava/previous-compilation-data.bin
Deleting stale output file: /var/tmp/cyf-mmd-api-followup-v3-verification-20261001/normal-graph-output/jia/kefu__jia-kefu-api/classes/java/main
Deleting stale output file: /var/tmp/cyf-mmd-api-followup-v3-verification-20261001/normal-graph-output/jia/kefu__jia-kefu-api/generated/sources/annotationProcessor/java/main
Deleting stale output file: /var/tmp/cyf-mmd-api-followup-v3-verification-20261001/normal-graph-output/jia/kefu__jia-kefu-api/generated/sources/headers/java/main
Caching disabled for task ':kefu:jia-kefu-api:compileJava' because:
  Build cache is disabled
Task ':kefu:jia-kefu-api:compileJava' is not up-to-date because:
  No history is available.
The input changes require a full rebuild for incremental task ':kefu:jia-kefu-api:compileJava'.
Compilation mode: forking compiler
Full recompilation is required because no incremental change information is available. This is usually caused by clean builds or changing compiler arguments.
Compiling with toolchain '/home/isp/apps/jdk21'.
Compiling with JDK Java compiler API.
Class dependency analysis for incremental compilation took 0.395 secs.
Created classpath snapshot for incremental compilation in 0.005 secs.
work action resolve main (project :kefu:jia-kefu-api) (Thread[#51,included builds,5,main]) started.
Resolve mutations for :material:jia-material-core:compileJava (Thread[#51,included builds,5,main]) started.
:material:jia-material-core:compileJava (Thread[#51,included builds,5,main]) started.

> Task :material:jia-material-core:compileJava
Deleting stale output file: /var/tmp/cyf-mmd-api-followup-v3-verification-20261001/normal-graph-output/jia/material__jia-material-core/generated/sources/annotationProcessor/java/main
Deleting stale output file: /var/tmp/cyf-mmd-api-followup-v3-verification-20261001/normal-graph-output/jia/material__jia-material-core/classes/java/main
Deleting stale output file: /var/tmp/cyf-mmd-api-followup-v3-verification-20261001/normal-graph-output/jia/material__jia-material-core/generated/sources/headers/java/main
Deleting stale output file: /var/tmp/cyf-mmd-api-followup-v3-verification-20261001/normal-graph-output/jia/material__jia-material-core/tmp/compileJava/previous-compilation-data.bin
Caching disabled for task ':material:jia-material-core:compileJava' because:
  Build cache is disabled
Task ':material:jia-material-core:compileJava' is not up-to-date because:
  No history is available.
The input changes require a full rebuild for incremental task ':material:jia-material-core:compileJava'.
Compilation mode: forking compiler
Full recompilation is required because no incremental change information is available. This is usually caused by clean builds or changing compiler arguments.
Compiling with toolchain '/home/isp/apps/jdk21'.
Compiling with JDK Java compiler API.
警告: 未知的枚举常量 JdbcType.UNDEFINED
  原因: 找不到org.apache.ibatis.type.JdbcType的类文件
警告: 未知的枚举常量 JdbcType.UNDEFINED
  原因: 找不到org.apache.ibatis.type.JdbcType的类文件
警告: 未知的枚举常量 JdbcType.UNDEFINED
  原因: 找不到org.apache.ibatis.type.JdbcType的类文件
警告: 未知的枚举常量 JdbcType.UNDEFINED
  原因: 找不到org.apache.ibatis.type.JdbcType的类文件
警告: 未知的枚举常量 JdbcType.UNDEFINED
  原因: 找不到org.apache.ibatis.type.JdbcType的类文件
5 个警告
Class dependency analysis for incremental compilation took 0.029 secs.
Created classpath snapshot for incremental compilation in 0.0 secs.
work action resolve main (project :material:jia-material-core) (Thread[#51,included builds,5,main]) started.
Resolve mutations for :material:jia-material-api:compileJava (Thread[#51,included builds,5,main]) started.
:material:jia-material-api:compileJava (Thread[#51,included builds,5,main]) started.

> Task :material:jia-material-api:compileJava
Deleting stale output file: /var/tmp/cyf-mmd-api-followup-v3-verification-20261001/normal-graph-output/jia/material__jia-material-api/generated/sources/annotationProcessor/java/main
Deleting stale output file: /var/tmp/cyf-mmd-api-followup-v3-verification-20261001/normal-graph-output/jia/material__jia-material-api/classes/java/main
Deleting stale output file: /var/tmp/cyf-mmd-api-followup-v3-verification-20261001/normal-graph-output/jia/material__jia-material-api/tmp/compileJava/previous-compilation-data.bin
Deleting stale output file: /var/tmp/cyf-mmd-api-followup-v3-verification-20261001/normal-graph-output/jia/material__jia-material-api/generated/sources/headers/java/main
Caching disabled for task ':material:jia-material-api:compileJava' because:
  Build cache is disabled
Task ':material:jia-material-api:compileJava' is not up-to-date because:
  No history is available.
The input changes require a full rebuild for incremental task ':material:jia-material-api:compileJava'.
Compilation mode: forking compiler
Full recompilation is required because no incremental change information is available. This is usually caused by clean builds or changing compiler arguments.
Compiling with toolchain '/home/isp/apps/jdk21'.
Compiling with JDK Java compiler API.
警告: 未知的枚举常量 JdbcType.UNDEFINED
  原因: 找不到org.apache.ibatis.type.JdbcType的类文件
警告: 未知的枚举常量 JdbcType.UNDEFINED
  原因: 找不到org.apache.ibatis.type.JdbcType的类文件
警告: 未知的枚举常量 JdbcType.UNDEFINED
  原因: 找不到org.apache.ibatis.type.JdbcType的类文件
警告: 未知的枚举常量 JdbcType.UNDEFINED
  原因: 找不到org.apache.ibatis.type.JdbcType的类文件
警告: 未知的枚举常量 JdbcType.UNDEFINED
  原因: 找不到org.apache.ibatis.type.JdbcType的类文件
5 个警告
Class dependency analysis for incremental compilation took 0.048 secs.
Created classpath snapshot for incremental compilation in 0.002 secs.
work action resolve main (project :material:jia-material-api) (Thread[#51,included builds,5,main]) started.
Resolve mutations for :point:jia-point-core:compileJava (Thread[#51,included builds,5,main]) started.
:point:jia-point-core:compileJava (Thread[#51,included builds,5,main]) started.

> Task :point:jia-point-core:compileJava
Deleting stale output file: /var/tmp/cyf-mmd-api-followup-v3-verification-20261001/normal-graph-output/jia/point__jia-point-core/tmp/compileJava/previous-compilation-data.bin
Deleting stale output file: /var/tmp/cyf-mmd-api-followup-v3-verification-20261001/normal-graph-output/jia/point__jia-point-core/generated/sources/annotationProcessor/java/main
Deleting stale output file: /var/tmp/cyf-mmd-api-followup-v3-verification-20261001/normal-graph-output/jia/point__jia-point-core/classes/java/main
Deleting stale output file: /var/tmp/cyf-mmd-api-followup-v3-verification-20261001/normal-graph-output/jia/point__jia-point-core/generated/sources/headers/java/main
Caching disabled for task ':point:jia-point-core:compileJava' because:
  Build cache is disabled
Task ':point:jia-point-core:compileJava' is not up-to-date because:
  No history is available.
The input changes require a full rebuild for incremental task ':point:jia-point-core:compileJava'.
Compilation mode: forking compiler
Full recompilation is required because no incremental change information is available. This is usually caused by clean builds or changing compiler arguments.
Compiling with toolchain '/home/isp/apps/jdk21'.
Compiling with JDK Java compiler API.
警告: 未知的枚举常量 JdbcType.UNDEFINED
  原因: 找不到org.apache.ibatis.type.JdbcType的类文件
警告: 未知的枚举常量 JdbcType.UNDEFINED
  原因: 找不到org.apache.ibatis.type.JdbcType的类文件
警告: 未知的枚举常量 JdbcType.UNDEFINED
  原因: 找不到org.apache.ibatis.type.JdbcType的类文件
警告: 未知的枚举常量 JdbcType.UNDEFINED
  原因: 找不到org.apache.ibatis.type.JdbcType的类文件
警告: 未知的枚举常量 JdbcType.UNDEFINED
  原因: 找不到org.apache.ibatis.type.JdbcType的类文件
5 个警告
Class dependency analysis for incremental compilation took 0.049 secs.
Created classpath snapshot for incremental compilation in 0.0 secs.
work action resolve main (project :point:jia-point-core) (Thread[#51,included builds,5,main]) started.
Resolve mutations for :point:jia-point-api:compileJava (Thread[#51,included builds,5,main]) started.
:point:jia-point-api:compileJava (Thread[#51,included builds,5,main]) started.

> Task :point:jia-point-api:compileJava
Deleting stale output file: /var/tmp/cyf-mmd-api-followup-v3-verification-20261001/normal-graph-output/jia/point__jia-point-api/tmp/compileJava/previous-compilation-data.bin
Deleting stale output file: /var/tmp/cyf-mmd-api-followup-v3-verification-20261001/normal-graph-output/jia/point__jia-point-api/generated/sources/headers/java/main
Deleting stale output file: /var/tmp/cyf-mmd-api-followup-v3-verification-20261001/normal-graph-output/jia/point__jia-point-api/generated/sources/annotationProcessor/java/main
Deleting stale output file: /var/tmp/cyf-mmd-api-followup-v3-verification-20261001/normal-graph-output/jia/point__jia-point-api/classes/java/main
Caching disabled for task ':point:jia-point-api:compileJava' because:
  Build cache is disabled
Task ':point:jia-point-api:compileJava' is not up-to-date because:
  No history is available.
The input changes require a full rebuild for incremental task ':point:jia-point-api:compileJava'.
Compilation mode: forking compiler
Full recompilation is required because no incremental change information is available. This is usually caused by clean builds or changing compiler arguments.
Compiling with toolchain '/home/isp/apps/jdk21'.
Compiling with JDK Java compiler API.
警告: 未知的枚举常量 JdbcType.UNDEFINED
  原因: 找不到org.apache.ibatis.type.JdbcType的类文件
警告: 未知的枚举常量 JdbcType.UNDEFINED
  原因: 找不到org.apache.ibatis.type.JdbcType的类文件
警告: 未知的枚举常量 JdbcType.UNDEFINED
  原因: 找不到org.apache.ibatis.type.JdbcType的类文件
警告: 未知的枚举常量 JdbcType.UNDEFINED
  原因: 找不到org.apache.ibatis.type.JdbcType的类文件
警告: 未知的枚举常量 JdbcType.UNDEFINED
  原因: 找不到org.apache.ibatis.type.JdbcType的类文件
5 个警告
Class dependency analysis for incremental compilation took 0.013 secs.
Created classpath snapshot for incremental compilation in 0.003 secs.
work action resolve main (project :point:jia-point-api) (Thread[#51,included builds,5,main]) started.
Resolve mutations for :chat:jia-chat-service:compileJava (Thread[#51,included builds,5,main]) started.
:chat:jia-chat-service:compileJava (Thread[#51,included builds,5,main]) started.

> Task :chat:jia-chat-service:compileJava
Deleting stale output file: /var/tmp/cyf-mmd-api-followup-v3-verification-20261001/normal-graph-output/jia/chat__jia-chat-service/generated/sources/headers/java/main
Deleting stale output file: /var/tmp/cyf-mmd-api-followup-v3-verification-20261001/normal-graph-output/jia/chat__jia-chat-service/classes/java/main
Deleting stale output file: /var/tmp/cyf-mmd-api-followup-v3-verification-20261001/normal-graph-output/jia/chat__jia-chat-service/generated/sources/annotationProcessor/java/main
Cache entries evicted. In-memory cache of /home/isp/wsps/cyf/.worktrees/juyiting-multimedia-deliberation-20260928/api-consent-restart-catalog-owner-20261001/.gradle/9.3.1/checksums/md5-checksums.bin: Size{186} MaxSize{200}, CacheStats{hitCount=0, missCount=186, loadSuccessCount=187, loadExceptionCount=0, totalLoadTime=244641461, evictionCount=1} 
Performance may suffer from in-memory cache misses. Increase max heap size of Gradle build process to reduce cache misses.

The Daemon will expire after the build after running out of JVM heap space.
The project memory settings are likely not configured or are configured to an insufficient value.
The daemon will restart for the next build, which may increase subsequent build times.
These settings can be adjusted by setting 'org.gradle.jvmargs' in 'gradle.properties'.
The currently configured max heap space is '85.3 MiB' and the configured max metaspace is '128 MiB'.
For more information on how to set these values, please refer to https://docs.gradle.org/9.3.1/userguide/build_environment.html#sec:configuring_jvm_memory in the Gradle documentation.
To disable this warning, set 'org.gradle.daemon.performance.disable-logging=true'.

> Task :chat:jia-chat-service:compileJava
Caching disabled for task ':chat:jia-chat-service:compileJava' because:
  Build cache is disabled
Task ':chat:jia-chat-service:compileJava' is not up-to-date because:
  No history is available.
The input changes require a full rebuild for incremental task ':chat:jia-chat-service:compileJava'.
Compilation mode: forking compiler
Compiling with toolchain '/home/isp/apps/jdk21'.
Stopped 1 worker daemon(s).
Starting process 'Gradle Worker Daemon 5'. Working directory: /root/.gradle/workers Command: /home/isp/apps/jdk21/bin/java -XX:+UseSerialGC -XX:ActiveProcessorCount=2 -XX:MaxMetaspaceSize=128m -Xss256k --add-exports=jdk.compiler/com.sun.tools.javac.api=ALL-UNNAMED --add-exports=jdk.compiler/com.sun.tools.javac.util=ALL-UNNAMED @/root/.gradle/.tmp/gradle-worker-classpath5044162591793790208txt -Xmx384m -Dfile.encoding=UTF-8 -Duser.country=CN -Duser.language=zh -Duser.variant worker.org.gradle.process.internal.worker.GradleWorkerMain 'Gradle Worker Daemon 5'
Successfully started process 'Gradle Worker Daemon 5'
Picked up JAVA_TOOL_OPTIONS: -XX:-UseJVMCICompiler
Started Gradle worker daemon (1.271 secs) with fork options DaemonForkOptions{executable=/home/isp/apps/jdk21/bin/java, minHeapSize=null, maxHeapSize=384m, jvmArgs=[-XX:+UseSerialGC, -XX:ActiveProcessorCount=2, -XX:MaxMetaspaceSize=128m, -Xss256k, --add-exports=jdk.compiler/com.sun.tools.javac.api=ALL-UNNAMED, --add-exports=jdk.compiler/com.sun.tools.javac.util=ALL-UNNAMED], keepAliveMode=DAEMON}.

This JVM does not support getting OS memory, so no OS memory status updates will be broadcast

> Task :chat:jia-chat-service:compileJava
Compiling with JDK Java compiler API.
注: 某些输入文件使用或覆盖了已过时的 API。
注: 有关详细信息, 请使用 -Xlint:deprecation 重新编译。
注: 某些输入文件使用了未经检查或不安全的操作。
注: 有关详细信息, 请使用 -Xlint:unchecked 重新编译。
Resolve mutations for :chat:jia-chat-service:processResources (Thread[#51,included builds,5,main]) started.
:chat:jia-chat-service:processResources (Thread[#51,included builds,5,main]) started.

> Task :chat:jia-chat-service:processResources
Caching disabled for task ':chat:jia-chat-service:processResources' because:
  Build cache is disabled
  Not worth caching
Task ':chat:jia-chat-service:processResources' is not up-to-date because:
  No history is available.
Resolve mutations for :chat:jia-chat-service:classes (Thread[#51,included builds,5,main]) started.
:chat:jia-chat-service:classes (Thread[#51,included builds,5,main]) started.

> Task :chat:jia-chat-service:classes
Skipping task ':chat:jia-chat-service:classes' as it has no actions.
Resolve mutations for :chat:jia-chat-service:compileMmdControlledImageFollowupV3Java (Thread[#51,included builds,5,main]) started.
:chat:jia-chat-service:compileMmdControlledImageFollowupV3Java (Thread[#51,included builds,5,main]) started.

> Task :chat:jia-chat-service:compileMmdControlledImageFollowupV3Java
Caching disabled for task ':chat:jia-chat-service:compileMmdControlledImageFollowupV3Java' because:
  Build cache is disabled
Task ':chat:jia-chat-service:compileMmdControlledImageFollowupV3Java' is not up-to-date because:
  No history is available.
The input changes require a full rebuild for incremental task ':chat:jia-chat-service:compileMmdControlledImageFollowupV3Java'.
Compilation mode: forking compiler
Compiling with toolchain '/home/isp/apps/jdk21'.
file or directory '/home/isp/wsps/cyf/.worktrees/juyiting-multimedia-deliberation-20260928/api-consent-restart-catalog-owner-20261001/chat/jia-chat-service/src/mmdControlledImageFollowupV3/java', not found
Compiling with JDK Java compiler API.
/home/isp/wsps/cyf/.worktrees/juyiting-multimedia-deliberation-20260928/api-consent-restart-catalog-owner-20261001/chat/jia-chat-service/src/chatDeliberationTest/java/cn/jia/chat/handler/AgentWebSocketControlledImageV3ExecutionTest.java:29: 错误: 找不到符号
                        NativeProviderCredentialBindingDeclarationTest.candidate()));
                        ^
  符号:   变量 NativeProviderCredentialBindingDeclarationTest
  位置: 类 AgentWebSocketControlledImageV3ExecutionTest
/home/isp/wsps/cyf/.worktrees/juyiting-multimedia-deliberation-20260928/api-consent-restart-catalog-owner-20261001/chat/jia-chat-service/src/chatDeliberationTest/java/cn/jia/chat/handler/AgentWebSocketControlledImageV3ExecutionTest.java:59: 错误: 找不到符号
                NativeProviderCredentialBindingDeclarationTest.candidate()));
                ^
  符号:   变量 NativeProviderCredentialBindingDeclarationTest
  位置: 类 AgentWebSocketControlledImageV3ExecutionTest
/home/isp/wsps/cyf/.worktrees/juyiting-multimedia-deliberation-20260928/api-consent-restart-catalog-owner-20261001/chat/jia-chat-service/src/chatDeliberationTest/java/cn/jia/chat/handler/AgentWebSocketControlledImageV3ExecutionTest.java:69: 错误: 找不到符号
                        NativeProviderCredentialBindingDeclarationTest.candidate()));
                        ^
  符号:   变量 NativeProviderCredentialBindingDeclarationTest
  位置: 类 AgentWebSocketControlledImageV3ExecutionTest
注: /home/isp/wsps/cyf/.worktrees/juyiting-multimedia-deliberation-20260928/api-consent-restart-catalog-owner-20261001/chat/jia-chat-service/src/chatDeliberationTest/java/cn/jia/chat/handler/AgentWebSocketControlledImageV3ExecutionTest.java使用了未经检查或不安全的操作。
注: 有关详细信息, 请使用 -Xlint:unchecked 重新编译。
3 个错误

> Task :chat:jia-chat-service:compileMmdControlledImageFollowupV3Java FAILED

[Incubating] Problems report is available at: file:///var/tmp/cyf-mmd-api-followup-v3-verification-20261001/normal-graph-output/jia/_root/reports/problems/problems-report.html

FAILURE: Build failed with an exception.

* What went wrong:
Execution failed for task ':chat:jia-chat-service:compileMmdControlledImageFollowupV3Java'.
> Compilation failed; see the compiler output below.
  /home/isp/wsps/cyf/.worktrees/juyiting-multimedia-deliberation-20260928/api-consent-restart-catalog-owner-20261001/chat/jia-chat-service/src/chatDeliberationTest/java/cn/jia/chat/handler/AgentWebSocketControlledImageV3ExecutionTest.java:29: 错误: 找不到符号
                          NativeProviderCredentialBindingDeclarationTest.candidate()));
                          ^
    符号:   变量 NativeProviderCredentialBindingDeclarationTest
    位置: 类 AgentWebSocketControlledImageV3ExecutionTest
  3 个错误

* Try:
> Check your code and dependencies to fix the compilation error(s)
> Run with --scan to get full insights from a Build Scan (powered by Develocity).

Deprecated Gradle features were used in this build, making it incompatible with Gradle 10.

You can use '--warning-mode all' to show the individual deprecation warnings and determine if they come from your own scripts or plugins.

For more on this, please refer to https://docs.gradle.org/9.3.1/userguide/command_line_interface.html#sec:command_line_warnings in the Gradle documentation.

BUILD FAILED in 3m 6s
57 actionable tasks: 43 executed, 14 up-to-date
NOTIFY_REUSED {"at": "2026-10-01T21:48:18+08:00", "details": {"current_gate": "verifying", "exit": 1}, "event": "abnormality", "next_action": "Run the fail command with evidence/root cause/remediation before any retry.", "notification_id": "3000ba14f4d65d31ed9383dd1be5aaffb4a721705b94aadbd76f0ff1242c764a", "task_id": "MMD-U2-API-TYPED-ATOMIC-FOLLOWUP-V1-SOURCE-20261001"}
