GRADLE_LOCK_ACQUIRED task=MMD-U2-API-TYPED-ATOMIC-FOLLOWUP-V1-SOURCE-20261001 pid=2888131
Picked up JAVA_TOOL_OPTIONS: -XX:-UseJVMCICompiler
Initialized native services in: /root/.gradle/native
Initialized jansi services in: /root/.gradle/native
To honour the JVM settings for this build a single-use Daemon process will be forked. For more on this, please refer to https://docs.gradle.org/9.3.1/userguide/gradle_daemon.html#sec:disabling_the_daemon in the Gradle documentation.
Starting process 'Gradle build daemon'. Working directory: /root/.gradle/daemon/9.3.1 Command: /home/isp/apps/jdk21/bin/java --add-opens=java.base/java.lang=ALL-UNNAMED --add-opens=java.base/java.lang.invoke=ALL-UNNAMED --add-opens=java.base/java.util=ALL-UNNAMED --add-opens=java.prefs/java.util.prefs=ALL-UNNAMED --add-exports=jdk.compiler/com.sun.tools.javac.api=ALL-UNNAMED --add-exports=jdk.compiler/com.sun.tools.javac.util=ALL-UNNAMED --add-opens=java.base/java.util=ALL-UNNAMED --add-opens=java.prefs/java.util.prefs=ALL-UNNAMED --add-opens=java.base/java.nio.charset=ALL-UNNAMED --add-opens=java.base/java.net=ALL-UNNAMED --add-opens=java.base/java.util.concurrent=ALL-UNNAMED --add-opens=java.base/java.util.concurrent.atomic=ALL-UNNAMED --add-opens=java.xml/javax.xml.namespace=ALL-UNNAMED --add-opens=java.base/java.time=ALL-UNNAMED -XX:MaxMetaspaceSize=128m -XX:+UseSerialGC -XX:ActiveProcessorCount=2 -Xss256k -Xlog:gc=info:file=/var/tmp/cyf-mmd-api-a213-normal-terra-verification-v7-20261001/phase3-typed-daemon-gc.log:time,uptime,level,tags -Xmx256m -Dfile.encoding=UTF-8 -Duser.country -Duser.language=en -Duser.variant -cp /root/.gradle/wrapper/dists/gradle-9.3.1-bin/e6fpmcitnr2cbhj7h6pdk7btv/gradle-9.3.1/lib/gradle-daemon-main-9.3.1.jar -javaagent:/root/.gradle/wrapper/dists/gradle-9.3.1-bin/e6fpmcitnr2cbhj7h6pdk7btv/gradle-9.3.1/lib/agents/gradle-instrumentation-agent-9.3.1.jar org.gradle.launcher.daemon.bootstrap.GradleDaemon 9.3.1
Successfully started process 'Gradle build daemon'
An attempt to start the daemon took 2.215 secs.
The client will now receive all logging from the daemon (pid: 2888261). The daemon log file: /root/.gradle/daemon/9.3.1/daemon-2888261.out.log
Daemon will be stopped at the end of the build 
Using 1 worker leases.
Operational build model parameters: {requiresToolingModels=false, parallelProjectExecution=false, configureOnDemand=false, configurationCache=false, configurationCacheParallelStore=false, configurationCacheParallelLoad=true, isolatedProjects=false, parallelProjectConfiguration=false, intermediateModelCache=false, parallelToolingApiActions=false, invalidateCoupledProjects=false, modelAsProjectDependency=false, resilientModelBuilding=false}
Received JVM installation metadata from '/home/isp/apps/jdk21': {JAVA_HOME=/home/isp/apps/jdk21, JAVA_VERSION=21.0.8, JAVA_VENDOR=Oracle Corporation, RUNTIME_NAME=Java(TM) SE Runtime Environment, RUNTIME_VERSION=21.0.8+12-LTS-jvmci-23.1-b72, VM_NAME=Java HotSpot(TM) 64-Bit Server VM, VM_VERSION=21.0.8+12-LTS-jvmci-23.1-b72, VM_VENDOR=Oracle Corporation, OS_ARCH=amd64}
Watching the file system is configured to be enabled if available
Now considering [/home/isp/wsps/cyf/.worktrees/juyiting-multimedia-deliberation-20260928/api-v3-wire-jackson3-source-owner-20261001] as hierarchies to watch
File system watching is active
Starting Build
Resolved plugin [id: 'cn.jia.jia-dependency-management', version: '1.1.2-SNAPSHOT']
Settings evaluated using settings file '/home/isp/wsps/cyf/.worktrees/juyiting-multimedia-deliberation-20260928/api-v3-wire-jackson3-source-owner-20261001/settings.gradle'.
Projects loaded. Root project using build file '/home/isp/wsps/cyf/.worktrees/juyiting-multimedia-deliberation-20260928/api-v3-wire-jackson3-source-owner-20261001/build.gradle'.
Included projects: [root project 'jia', project ':agent', project ':base', project ':chat', project ':common', project ':dwz', project ':economy', project ':isp', project ':kefu', project ':material', project ':oauth', project ':point', project ':sms', project ':starter', project ':task', project ':user', project ':workflow', project ':wx', project ':agent:jia-agent-api', project ':agent:jia-agent-core', project ':agent:jia-agent-mapper', project ':agent:jia-agent-service', project ':base:jia-base-api', project ':base:jia-base-core', project ':base:jia-base-mapper', project ':base:jia-base-service', project ':base:jia-base-starter', project ':chat:jia-chat-api', project ':chat:jia-chat-core', project ':chat:jia-chat-mapper', project ':chat:jia-chat-service', project ':chat:jia-chat-starter', project ':common:jia-common-api', project ':common:jia-common-core', project ':common:jia-common-mapper', project ':common:jia-common-service', project ':common:jia-common-starter', project ':common:jia-common-test', project ':dwz:jia-dwz-api', project ':dwz:jia-dwz-core', project ':dwz:jia-dwz-mapper', project ':dwz:jia-dwz-service', project ':dwz:jia-dwz-starter', project ':economy:jia-economy-api', project ':economy:jia-economy-core', project ':economy:jia-economy-mapper', project ':economy:jia-economy-service', project ':isp:jia-isp-api', project ':isp:jia-isp-core', project ':isp:jia-isp-mapper', project ':isp:jia-isp-service', project ':isp:jia-isp-starter', project ':kefu:jia-kefu-api', project ':kefu:jia-kefu-core', project ':kefu:jia-kefu-mapper', project ':kefu:jia-kefu-service', project ':material:jia-material-api', project ':material:jia-material-core', project ':material:jia-material-mapper', project ':material:jia-material-service', project ':material:jia-material-starter', project ':oauth:jia-oauth-api', project ':oauth:jia-oauth-client-starter', project ':oauth:jia-oauth-core', project ':oauth:jia-oauth-mapper', project ':oauth:jia-oauth-resource', project ':oauth:jia-oauth-resource-starter', project ':oauth:jia-oauth-server-starter', project ':oauth:jia-oauth-service', project ':point:jia-point-api', project ':point:jia-point-core', project ':point:jia-point-mapper', project ':point:jia-point-service', project ':sms:jia-sms-api', project ':sms:jia-sms-core', project ':sms:jia-sms-mapper', project ':sms:jia-sms-service', project ':sms:jia-sms-starter', project ':task:jia-task-api', project ':task:jia-task-core', project ':task:jia-task-mapper', project ':task:jia-task-service', project ':task:jia-task-starter', project ':user:jia-user-api', project ':user:jia-user-core', project ':user:jia-user-mapper', project ':user:jia-user-service', project ':user:jia-user-starter', project ':workflow:jia-workflow-api', project ':workflow:jia-workflow-core', project ':workflow:jia-workflow-service', project ':workflow:jia-workflow-starter', project ':wx:jia-wx-api', project ':wx:jia-wx-core', project ':wx:jia-wx-mapper', project ':wx:jia-wx-service']

> Configure project :
Evaluating root project 'jia' using build file '/home/isp/wsps/cyf/.worktrees/juyiting-multimedia-deliberation-20260928/api-v3-wire-jackson3-source-owner-20261001/build.gradle'.

> Configure project :agent
Evaluating project ':agent' using build file '/home/isp/wsps/cyf/.worktrees/juyiting-multimedia-deliberation-20260928/api-v3-wire-jackson3-source-owner-20261001/agent/build.gradle'.

> Configure project :base
Evaluating project ':base' using build file '/home/isp/wsps/cyf/.worktrees/juyiting-multimedia-deliberation-20260928/api-v3-wire-jackson3-source-owner-20261001/base/build.gradle'.

> Configure project :chat
Evaluating project ':chat' using build file '/home/isp/wsps/cyf/.worktrees/juyiting-multimedia-deliberation-20260928/api-v3-wire-jackson3-source-owner-20261001/chat/build.gradle'.

> Configure project :common
Evaluating project ':common' using build file '/home/isp/wsps/cyf/.worktrees/juyiting-multimedia-deliberation-20260928/api-v3-wire-jackson3-source-owner-20261001/common/build.gradle'.

> Configure project :dwz
Evaluating project ':dwz' using build file '/home/isp/wsps/cyf/.worktrees/juyiting-multimedia-deliberation-20260928/api-v3-wire-jackson3-source-owner-20261001/dwz/build.gradle'.

> Configure project :economy
Evaluating project ':economy' using build file '/home/isp/wsps/cyf/.worktrees/juyiting-multimedia-deliberation-20260928/api-v3-wire-jackson3-source-owner-20261001/economy/build.gradle'.

> Configure project :isp
Evaluating project ':isp' using build file '/home/isp/wsps/cyf/.worktrees/juyiting-multimedia-deliberation-20260928/api-v3-wire-jackson3-source-owner-20261001/isp/build.gradle'.

> Configure project :kefu
Evaluating project ':kefu' using build file '/home/isp/wsps/cyf/.worktrees/juyiting-multimedia-deliberation-20260928/api-v3-wire-jackson3-source-owner-20261001/kefu/build.gradle'.

> Configure project :material
Evaluating project ':material' using build file '/home/isp/wsps/cyf/.worktrees/juyiting-multimedia-deliberation-20260928/api-v3-wire-jackson3-source-owner-20261001/material/build.gradle'.

> Configure project :oauth
Evaluating project ':oauth' using build file '/home/isp/wsps/cyf/.worktrees/juyiting-multimedia-deliberation-20260928/api-v3-wire-jackson3-source-owner-20261001/oauth/build.gradle'.

> Configure project :point
Evaluating project ':point' using build file '/home/isp/wsps/cyf/.worktrees/juyiting-multimedia-deliberation-20260928/api-v3-wire-jackson3-source-owner-20261001/point/build.gradle'.

> Configure project :sms
Evaluating project ':sms' using build file '/home/isp/wsps/cyf/.worktrees/juyiting-multimedia-deliberation-20260928/api-v3-wire-jackson3-source-owner-20261001/sms/build.gradle'.

> Configure project :starter
Evaluating project ':starter' using build file '/home/isp/wsps/cyf/.worktrees/juyiting-multimedia-deliberation-20260928/api-v3-wire-jackson3-source-owner-20261001/starter/build.gradle'.
Resolved plugin [id: 'org.springframework.boot', version: '4.0.1']

> Configure project :task
Evaluating project ':task' using build file '/home/isp/wsps/cyf/.worktrees/juyiting-multimedia-deliberation-20260928/api-v3-wire-jackson3-source-owner-20261001/task/build.gradle'.
Resolved plugin [id: 'java-library']

> Configure project :user
Evaluating project ':user' using build file '/home/isp/wsps/cyf/.worktrees/juyiting-multimedia-deliberation-20260928/api-v3-wire-jackson3-source-owner-20261001/user/build.gradle'.

> Configure project :workflow
Evaluating project ':workflow' using build file '/home/isp/wsps/cyf/.worktrees/juyiting-multimedia-deliberation-20260928/api-v3-wire-jackson3-source-owner-20261001/workflow/build.gradle'.

> Configure project :wx
Evaluating project ':wx' using build file '/home/isp/wsps/cyf/.worktrees/juyiting-multimedia-deliberation-20260928/api-v3-wire-jackson3-source-owner-20261001/wx/build.gradle'.

> Configure project :agent:jia-agent-api
Evaluating project ':agent:jia-agent-api' using build file '/home/isp/wsps/cyf/.worktrees/juyiting-multimedia-deliberation-20260928/api-v3-wire-jackson3-source-owner-20261001/agent/jia-agent-api/build.gradle'.

> Configure project :agent:jia-agent-core
Evaluating project ':agent:jia-agent-core' using build file '/home/isp/wsps/cyf/.worktrees/juyiting-multimedia-deliberation-20260928/api-v3-wire-jackson3-source-owner-20261001/agent/jia-agent-core/build.gradle'.

> Configure project :agent:jia-agent-mapper
Evaluating project ':agent:jia-agent-mapper' using build file '/home/isp/wsps/cyf/.worktrees/juyiting-multimedia-deliberation-20260928/api-v3-wire-jackson3-source-owner-20261001/agent/jia-agent-mapper/build.gradle'.

> Configure project :agent:jia-agent-service
Evaluating project ':agent:jia-agent-service' using build file '/home/isp/wsps/cyf/.worktrees/juyiting-multimedia-deliberation-20260928/api-v3-wire-jackson3-source-owner-20261001/agent/jia-agent-service/build.gradle'.

> Configure project :base:jia-base-api
Evaluating project ':base:jia-base-api' using build file '/home/isp/wsps/cyf/.worktrees/juyiting-multimedia-deliberation-20260928/api-v3-wire-jackson3-source-owner-20261001/base/jia-base-api/build.gradle'.

> Configure project :base:jia-base-core
Evaluating project ':base:jia-base-core' using build file '/home/isp/wsps/cyf/.worktrees/juyiting-multimedia-deliberation-20260928/api-v3-wire-jackson3-source-owner-20261001/base/jia-base-core/build.gradle'.

> Configure project :base:jia-base-mapper
Evaluating project ':base:jia-base-mapper' using build file '/home/isp/wsps/cyf/.worktrees/juyiting-multimedia-deliberation-20260928/api-v3-wire-jackson3-source-owner-20261001/base/jia-base-mapper/build.gradle'.

> Configure project :base:jia-base-service
Evaluating project ':base:jia-base-service' using build file '/home/isp/wsps/cyf/.worktrees/juyiting-multimedia-deliberation-20260928/api-v3-wire-jackson3-source-owner-20261001/base/jia-base-service/build.gradle'.

> Configure project :base:jia-base-starter
Evaluating project ':base:jia-base-starter' using build file '/home/isp/wsps/cyf/.worktrees/juyiting-multimedia-deliberation-20260928/api-v3-wire-jackson3-source-owner-20261001/base/jia-base-starter/build.gradle'.

> Configure project :chat:jia-chat-api
Evaluating project ':chat:jia-chat-api' using build file '/home/isp/wsps/cyf/.worktrees/juyiting-multimedia-deliberation-20260928/api-v3-wire-jackson3-source-owner-20261001/chat/jia-chat-api/build.gradle'.

> Configure project :chat:jia-chat-core
Evaluating project ':chat:jia-chat-core' using build file '/home/isp/wsps/cyf/.worktrees/juyiting-multimedia-deliberation-20260928/api-v3-wire-jackson3-source-owner-20261001/chat/jia-chat-core/build.gradle'.

> Configure project :chat:jia-chat-mapper
Evaluating project ':chat:jia-chat-mapper' using build file '/home/isp/wsps/cyf/.worktrees/juyiting-multimedia-deliberation-20260928/api-v3-wire-jackson3-source-owner-20261001/chat/jia-chat-mapper/build.gradle'.

> Configure project :chat:jia-chat-service
Evaluating project ':chat:jia-chat-service' using build file '/home/isp/wsps/cyf/.worktrees/juyiting-multimedia-deliberation-20260928/api-v3-wire-jackson3-source-owner-20261001/chat/jia-chat-service/build.gradle'.

> Configure project :chat:jia-chat-starter
Evaluating project ':chat:jia-chat-starter' using build file '/home/isp/wsps/cyf/.worktrees/juyiting-multimedia-deliberation-20260928/api-v3-wire-jackson3-source-owner-20261001/chat/jia-chat-starter/build.gradle'.

> Configure project :common:jia-common-api
Evaluating project ':common:jia-common-api' using build file '/home/isp/wsps/cyf/.worktrees/juyiting-multimedia-deliberation-20260928/api-v3-wire-jackson3-source-owner-20261001/common/jia-common-api/build.gradle'.

> Configure project :common:jia-common-core
Evaluating project ':common:jia-common-core' using build file '/home/isp/wsps/cyf/.worktrees/juyiting-multimedia-deliberation-20260928/api-v3-wire-jackson3-source-owner-20261001/common/jia-common-core/build.gradle'.

> Configure project :common:jia-common-mapper
Evaluating project ':common:jia-common-mapper' using build file '/home/isp/wsps/cyf/.worktrees/juyiting-multimedia-deliberation-20260928/api-v3-wire-jackson3-source-owner-20261001/common/jia-common-mapper/build.gradle'.

> Configure project :common:jia-common-service
Evaluating project ':common:jia-common-service' using build file '/home/isp/wsps/cyf/.worktrees/juyiting-multimedia-deliberation-20260928/api-v3-wire-jackson3-source-owner-20261001/common/jia-common-service/build.gradle'.

> Configure project :common:jia-common-starter
Evaluating project ':common:jia-common-starter' using build file '/home/isp/wsps/cyf/.worktrees/juyiting-multimedia-deliberation-20260928/api-v3-wire-jackson3-source-owner-20261001/common/jia-common-starter/build.gradle'.

> Configure project :common:jia-common-test
Evaluating project ':common:jia-common-test' using build file '/home/isp/wsps/cyf/.worktrees/juyiting-multimedia-deliberation-20260928/api-v3-wire-jackson3-source-owner-20261001/common/jia-common-test/build.gradle'.

> Configure project :dwz:jia-dwz-api
Evaluating project ':dwz:jia-dwz-api' using build file '/home/isp/wsps/cyf/.worktrees/juyiting-multimedia-deliberation-20260928/api-v3-wire-jackson3-source-owner-20261001/dwz/jia-dwz-api/build.gradle'.

> Configure project :dwz:jia-dwz-core
Evaluating project ':dwz:jia-dwz-core' using build file '/home/isp/wsps/cyf/.worktrees/juyiting-multimedia-deliberation-20260928/api-v3-wire-jackson3-source-owner-20261001/dwz/jia-dwz-core/build.gradle'.

> Configure project :dwz:jia-dwz-mapper
Evaluating project ':dwz:jia-dwz-mapper' using build file '/home/isp/wsps/cyf/.worktrees/juyiting-multimedia-deliberation-20260928/api-v3-wire-jackson3-source-owner-20261001/dwz/jia-dwz-mapper/build.gradle'.

> Configure project :dwz:jia-dwz-service
Evaluating project ':dwz:jia-dwz-service' using build file '/home/isp/wsps/cyf/.worktrees/juyiting-multimedia-deliberation-20260928/api-v3-wire-jackson3-source-owner-20261001/dwz/jia-dwz-service/build.gradle'.

> Configure project :dwz:jia-dwz-starter
Evaluating project ':dwz:jia-dwz-starter' using build file '/home/isp/wsps/cyf/.worktrees/juyiting-multimedia-deliberation-20260928/api-v3-wire-jackson3-source-owner-20261001/dwz/jia-dwz-starter/build.gradle'.

> Configure project :economy:jia-economy-api
Evaluating project ':economy:jia-economy-api' using build file '/home/isp/wsps/cyf/.worktrees/juyiting-multimedia-deliberation-20260928/api-v3-wire-jackson3-source-owner-20261001/economy/jia-economy-api/build.gradle'.

> Configure project :economy:jia-economy-core
Evaluating project ':economy:jia-economy-core' using build file '/home/isp/wsps/cyf/.worktrees/juyiting-multimedia-deliberation-20260928/api-v3-wire-jackson3-source-owner-20261001/economy/jia-economy-core/build.gradle'.

> Configure project :economy:jia-economy-mapper
Evaluating project ':economy:jia-economy-mapper' using build file '/home/isp/wsps/cyf/.worktrees/juyiting-multimedia-deliberation-20260928/api-v3-wire-jackson3-source-owner-20261001/economy/jia-economy-mapper/build.gradle'.

> Configure project :economy:jia-economy-service
Evaluating project ':economy:jia-economy-service' using build file '/home/isp/wsps/cyf/.worktrees/juyiting-multimedia-deliberation-20260928/api-v3-wire-jackson3-source-owner-20261001/economy/jia-economy-service/build.gradle'.

> Configure project :isp:jia-isp-api
Evaluating project ':isp:jia-isp-api' using build file '/home/isp/wsps/cyf/.worktrees/juyiting-multimedia-deliberation-20260928/api-v3-wire-jackson3-source-owner-20261001/isp/jia-isp-api/build.gradle'.

> Configure project :isp:jia-isp-core
Evaluating project ':isp:jia-isp-core' using build file '/home/isp/wsps/cyf/.worktrees/juyiting-multimedia-deliberation-20260928/api-v3-wire-jackson3-source-owner-20261001/isp/jia-isp-core/build.gradle'.

> Configure project :isp:jia-isp-mapper
Evaluating project ':isp:jia-isp-mapper' using build file '/home/isp/wsps/cyf/.worktrees/juyiting-multimedia-deliberation-20260928/api-v3-wire-jackson3-source-owner-20261001/isp/jia-isp-mapper/build.gradle'.

> Configure project :isp:jia-isp-service
Evaluating project ':isp:jia-isp-service' using build file '/home/isp/wsps/cyf/.worktrees/juyiting-multimedia-deliberation-20260928/api-v3-wire-jackson3-source-owner-20261001/isp/jia-isp-service/build.gradle'.

> Configure project :isp:jia-isp-starter
Evaluating project ':isp:jia-isp-starter' using build file '/home/isp/wsps/cyf/.worktrees/juyiting-multimedia-deliberation-20260928/api-v3-wire-jackson3-source-owner-20261001/isp/jia-isp-starter/build.gradle'.

> Configure project :kefu:jia-kefu-api
Evaluating project ':kefu:jia-kefu-api' using build file '/home/isp/wsps/cyf/.worktrees/juyiting-multimedia-deliberation-20260928/api-v3-wire-jackson3-source-owner-20261001/kefu/jia-kefu-api/build.gradle'.

> Configure project :kefu:jia-kefu-core
Evaluating project ':kefu:jia-kefu-core' using build file '/home/isp/wsps/cyf/.worktrees/juyiting-multimedia-deliberation-20260928/api-v3-wire-jackson3-source-owner-20261001/kefu/jia-kefu-core/build.gradle'.

> Configure project :kefu:jia-kefu-mapper
Evaluating project ':kefu:jia-kefu-mapper' using build file '/home/isp/wsps/cyf/.worktrees/juyiting-multimedia-deliberation-20260928/api-v3-wire-jackson3-source-owner-20261001/kefu/jia-kefu-mapper/build.gradle'.

> Configure project :kefu:jia-kefu-service
Evaluating project ':kefu:jia-kefu-service' using build file '/home/isp/wsps/cyf/.worktrees/juyiting-multimedia-deliberation-20260928/api-v3-wire-jackson3-source-owner-20261001/kefu/jia-kefu-service/build.gradle'.

> Configure project :material:jia-material-api
Evaluating project ':material:jia-material-api' using build file '/home/isp/wsps/cyf/.worktrees/juyiting-multimedia-deliberation-20260928/api-v3-wire-jackson3-source-owner-20261001/material/jia-material-api/build.gradle'.

> Configure project :material:jia-material-core
Evaluating project ':material:jia-material-core' using build file '/home/isp/wsps/cyf/.worktrees/juyiting-multimedia-deliberation-20260928/api-v3-wire-jackson3-source-owner-20261001/material/jia-material-core/build.gradle'.

> Configure project :material:jia-material-mapper
Evaluating project ':material:jia-material-mapper' using build file '/home/isp/wsps/cyf/.worktrees/juyiting-multimedia-deliberation-20260928/api-v3-wire-jackson3-source-owner-20261001/material/jia-material-mapper/build.gradle'.

> Configure project :material:jia-material-service
Evaluating project ':material:jia-material-service' using build file '/home/isp/wsps/cyf/.worktrees/juyiting-multimedia-deliberation-20260928/api-v3-wire-jackson3-source-owner-20261001/material/jia-material-service/build.gradle'.

> Configure project :material:jia-material-starter
Evaluating project ':material:jia-material-starter' using build file '/home/isp/wsps/cyf/.worktrees/juyiting-multimedia-deliberation-20260928/api-v3-wire-jackson3-source-owner-20261001/material/jia-material-starter/build.gradle'.

> Configure project :oauth:jia-oauth-api
Evaluating project ':oauth:jia-oauth-api' using build file '/home/isp/wsps/cyf/.worktrees/juyiting-multimedia-deliberation-20260928/api-v3-wire-jackson3-source-owner-20261001/oauth/jia-oauth-api/build.gradle'.

> Configure project :oauth:jia-oauth-client-starter
Evaluating project ':oauth:jia-oauth-client-starter' using build file '/home/isp/wsps/cyf/.worktrees/juyiting-multimedia-deliberation-20260928/api-v3-wire-jackson3-source-owner-20261001/oauth/jia-oauth-client-starter/build.gradle'.

> Configure project :oauth:jia-oauth-core
Evaluating project ':oauth:jia-oauth-core' using build file '/home/isp/wsps/cyf/.worktrees/juyiting-multimedia-deliberation-20260928/api-v3-wire-jackson3-source-owner-20261001/oauth/jia-oauth-core/build.gradle'.

> Configure project :oauth:jia-oauth-mapper
Evaluating project ':oauth:jia-oauth-mapper' using build file '/home/isp/wsps/cyf/.worktrees/juyiting-multimedia-deliberation-20260928/api-v3-wire-jackson3-source-owner-20261001/oauth/jia-oauth-mapper/build.gradle'.

> Configure project :oauth:jia-oauth-resource
Evaluating project ':oauth:jia-oauth-resource' using build file '/home/isp/wsps/cyf/.worktrees/juyiting-multimedia-deliberation-20260928/api-v3-wire-jackson3-source-owner-20261001/oauth/jia-oauth-resource/build.gradle'.

> Configure project :oauth:jia-oauth-resource-starter
Evaluating project ':oauth:jia-oauth-resource-starter' using build file '/home/isp/wsps/cyf/.worktrees/juyiting-multimedia-deliberation-20260928/api-v3-wire-jackson3-source-owner-20261001/oauth/jia-oauth-resource-starter/build.gradle'.

> Configure project :oauth:jia-oauth-server-starter
Evaluating project ':oauth:jia-oauth-server-starter' using build file '/home/isp/wsps/cyf/.worktrees/juyiting-multimedia-deliberation-20260928/api-v3-wire-jackson3-source-owner-20261001/oauth/jia-oauth-server-starter/build.gradle'.

> Configure project :oauth:jia-oauth-service
Evaluating project ':oauth:jia-oauth-service' using build file '/home/isp/wsps/cyf/.worktrees/juyiting-multimedia-deliberation-20260928/api-v3-wire-jackson3-source-owner-20261001/oauth/jia-oauth-service/build.gradle'.

> Configure project :point:jia-point-api
Evaluating project ':point:jia-point-api' using build file '/home/isp/wsps/cyf/.worktrees/juyiting-multimedia-deliberation-20260928/api-v3-wire-jackson3-source-owner-20261001/point/jia-point-api/build.gradle'.

> Configure project :point:jia-point-core
Evaluating project ':point:jia-point-core' using build file '/home/isp/wsps/cyf/.worktrees/juyiting-multimedia-deliberation-20260928/api-v3-wire-jackson3-source-owner-20261001/point/jia-point-core/build.gradle'.

> Configure project :point:jia-point-mapper
Evaluating project ':point:jia-point-mapper' using build file '/home/isp/wsps/cyf/.worktrees/juyiting-multimedia-deliberation-20260928/api-v3-wire-jackson3-source-owner-20261001/point/jia-point-mapper/build.gradle'.

> Configure project :point:jia-point-service
Evaluating project ':point:jia-point-service' using build file '/home/isp/wsps/cyf/.worktrees/juyiting-multimedia-deliberation-20260928/api-v3-wire-jackson3-source-owner-20261001/point/jia-point-service/build.gradle'.

> Configure project :sms:jia-sms-api
Evaluating project ':sms:jia-sms-api' using build file '/home/isp/wsps/cyf/.worktrees/juyiting-multimedia-deliberation-20260928/api-v3-wire-jackson3-source-owner-20261001/sms/jia-sms-api/build.gradle'.

> Configure project :sms:jia-sms-core
Evaluating project ':sms:jia-sms-core' using build file '/home/isp/wsps/cyf/.worktrees/juyiting-multimedia-deliberation-20260928/api-v3-wire-jackson3-source-owner-20261001/sms/jia-sms-core/build.gradle'.

> Configure project :sms:jia-sms-mapper
Evaluating project ':sms:jia-sms-mapper' using build file '/home/isp/wsps/cyf/.worktrees/juyiting-multimedia-deliberation-20260928/api-v3-wire-jackson3-source-owner-20261001/sms/jia-sms-mapper/build.gradle'.

> Configure project :sms:jia-sms-service
Evaluating project ':sms:jia-sms-service' using build file '/home/isp/wsps/cyf/.worktrees/juyiting-multimedia-deliberation-20260928/api-v3-wire-jackson3-source-owner-20261001/sms/jia-sms-service/build.gradle'.

> Configure project :sms:jia-sms-starter
Evaluating project ':sms:jia-sms-starter' using build file '/home/isp/wsps/cyf/.worktrees/juyiting-multimedia-deliberation-20260928/api-v3-wire-jackson3-source-owner-20261001/sms/jia-sms-starter/build.gradle'.

> Configure project :task:jia-task-api
Evaluating project ':task:jia-task-api' using build file '/home/isp/wsps/cyf/.worktrees/juyiting-multimedia-deliberation-20260928/api-v3-wire-jackson3-source-owner-20261001/task/jia-task-api/build.gradle'.

> Configure project :task:jia-task-core
Evaluating project ':task:jia-task-core' using build file '/home/isp/wsps/cyf/.worktrees/juyiting-multimedia-deliberation-20260928/api-v3-wire-jackson3-source-owner-20261001/task/jia-task-core/build.gradle'.

> Configure project :task:jia-task-mapper
Evaluating project ':task:jia-task-mapper' using build file '/home/isp/wsps/cyf/.worktrees/juyiting-multimedia-deliberation-20260928/api-v3-wire-jackson3-source-owner-20261001/task/jia-task-mapper/build.gradle'.

> Configure project :task:jia-task-service
Evaluating project ':task:jia-task-service' using build file '/home/isp/wsps/cyf/.worktrees/juyiting-multimedia-deliberation-20260928/api-v3-wire-jackson3-source-owner-20261001/task/jia-task-service/build.gradle'.

> Configure project :task:jia-task-starter
Evaluating project ':task:jia-task-starter' using build file '/home/isp/wsps/cyf/.worktrees/juyiting-multimedia-deliberation-20260928/api-v3-wire-jackson3-source-owner-20261001/task/jia-task-starter/build.gradle'.

> Configure project :user:jia-user-api
Evaluating project ':user:jia-user-api' using build file '/home/isp/wsps/cyf/.worktrees/juyiting-multimedia-deliberation-20260928/api-v3-wire-jackson3-source-owner-20261001/user/jia-user-api/build.gradle'.

> Configure project :user:jia-user-core
Evaluating project ':user:jia-user-core' using build file '/home/isp/wsps/cyf/.worktrees/juyiting-multimedia-deliberation-20260928/api-v3-wire-jackson3-source-owner-20261001/user/jia-user-core/build.gradle'.

> Configure project :user:jia-user-mapper
Evaluating project ':user:jia-user-mapper' using build file '/home/isp/wsps/cyf/.worktrees/juyiting-multimedia-deliberation-20260928/api-v3-wire-jackson3-source-owner-20261001/user/jia-user-mapper/build.gradle'.

> Configure project :user:jia-user-service
Evaluating project ':user:jia-user-service' using build file '/home/isp/wsps/cyf/.worktrees/juyiting-multimedia-deliberation-20260928/api-v3-wire-jackson3-source-owner-20261001/user/jia-user-service/build.gradle'.

> Configure project :user:jia-user-starter
Evaluating project ':user:jia-user-starter' using build file '/home/isp/wsps/cyf/.worktrees/juyiting-multimedia-deliberation-20260928/api-v3-wire-jackson3-source-owner-20261001/user/jia-user-starter/build.gradle'.

> Configure project :workflow:jia-workflow-api
Evaluating project ':workflow:jia-workflow-api' using build file '/home/isp/wsps/cyf/.worktrees/juyiting-multimedia-deliberation-20260928/api-v3-wire-jackson3-source-owner-20261001/workflow/jia-workflow-api/build.gradle'.

> Configure project :workflow:jia-workflow-core
Evaluating project ':workflow:jia-workflow-core' using build file '/home/isp/wsps/cyf/.worktrees/juyiting-multimedia-deliberation-20260928/api-v3-wire-jackson3-source-owner-20261001/workflow/jia-workflow-core/build.gradle'.

> Configure project :workflow:jia-workflow-service
Evaluating project ':workflow:jia-workflow-service' using build file '/home/isp/wsps/cyf/.worktrees/juyiting-multimedia-deliberation-20260928/api-v3-wire-jackson3-source-owner-20261001/workflow/jia-workflow-service/build.gradle'.

> Configure project :workflow:jia-workflow-starter
Evaluating project ':workflow:jia-workflow-starter' using build file '/home/isp/wsps/cyf/.worktrees/juyiting-multimedia-deliberation-20260928/api-v3-wire-jackson3-source-owner-20261001/workflow/jia-workflow-starter/build.gradle'.

> Configure project :wx:jia-wx-api
Evaluating project ':wx:jia-wx-api' using build file '/home/isp/wsps/cyf/.worktrees/juyiting-multimedia-deliberation-20260928/api-v3-wire-jackson3-source-owner-20261001/wx/jia-wx-api/build.gradle'.

> Configure project :wx:jia-wx-core
Evaluating project ':wx:jia-wx-core' using build file '/home/isp/wsps/cyf/.worktrees/juyiting-multimedia-deliberation-20260928/api-v3-wire-jackson3-source-owner-20261001/wx/jia-wx-core/build.gradle'.

> Configure project :wx:jia-wx-mapper
Evaluating project ':wx:jia-wx-mapper' using build file '/home/isp/wsps/cyf/.worktrees/juyiting-multimedia-deliberation-20260928/api-v3-wire-jackson3-source-owner-20261001/wx/jia-wx-mapper/build.gradle'.

> Configure project :wx:jia-wx-service
Evaluating project ':wx:jia-wx-service' using build file '/home/isp/wsps/cyf/.worktrees/juyiting-multimedia-deliberation-20260928/api-v3-wire-jackson3-source-owner-20261001/wx/jia-wx-service/build.gradle'.
All projects evaluated.
Task path ':chat:jia-chat-service:chatDeliberation' matched project ':chat:jia-chat-service'
Task name matched 'chatDeliberation'
Selected primary task 'chatDeliberation' from project :chat:jia-chat-service
Tasks to be executed: [task ':common:jia-common-core:compileJava', task ':agent:jia-agent-core:compileJava', task ':common:jia-common-api:compileJava', task ':agent:jia-agent-api:compileJava', task ':agent:jia-agent-api:processResources', task ':agent:jia-agent-api:classes', task ':agent:jia-agent-api:jar', task ':agent:jia-agent-core:processResources', task ':agent:jia-agent-core:classes', task ':agent:jia-agent-core:jar', task ':common:jia-common-mapper:compileJava', task ':agent:jia-agent-mapper:compileJava', task ':agent:jia-agent-mapper:processResources', task ':agent:jia-agent-mapper:classes', task ':agent:jia-agent-mapper:jar', task ':chat:jia-chat-core:compileJava', task ':chat:jia-chat-api:compileJava', task ':common:jia-common-core:processResources', task ':common:jia-common-core:classes', task ':common:jia-common-core:jar', task ':common:jia-common-service:compileJava', task ':economy:jia-economy-core:compileJava', task ':economy:jia-economy-api:compileJava', task ':economy:jia-economy-mapper:compileJava', task ':economy:jia-economy-service:compileJava', task ':oauth:jia-oauth-core:compileJava', task ':oauth:jia-oauth-api:compileJava', task ':task:jia-task-core:compileJava', task ':task:jia-task-api:compileJava', task ':user:jia-user-core:compileJava', task ':user:jia-user-api:compileJava', task ':agent:jia-agent-service:compileJava', task ':agent:jia-agent-service:processResources', task ':agent:jia-agent-service:classes', task ':agent:jia-agent-service:jar', task ':chat:jia-chat-api:processResources', task ':chat:jia-chat-api:classes', task ':chat:jia-chat-api:jar', task ':chat:jia-chat-core:processResources', task ':chat:jia-chat-core:classes', task ':chat:jia-chat-core:jar', task ':chat:jia-chat-mapper:compileJava', task ':chat:jia-chat-mapper:processResources', task ':chat:jia-chat-mapper:classes', task ':chat:jia-chat-mapper:jar', task ':kefu:jia-kefu-core:compileJava', task ':kefu:jia-kefu-api:compileJava', task ':material:jia-material-core:compileJava', task ':material:jia-material-api:compileJava', task ':point:jia-point-core:compileJava', task ':point:jia-point-api:compileJava', task ':chat:jia-chat-service:compileJava', task ':chat:jia-chat-service:processResources', task ':chat:jia-chat-service:classes', task ':common:jia-common-test:compileJava', task ':chat:jia-chat-service:compileChatDeliberationJava', task ':chat:jia-chat-service:processChatDeliberationResources', task ':chat:jia-chat-service:chatDeliberationClasses', task ':common:jia-common-api:processResources', task ':common:jia-common-api:classes', task ':common:jia-common-api:jar', task ':common:jia-common-mapper:processResources', task ':common:jia-common-mapper:classes', task ':common:jia-common-mapper:jar', task ':common:jia-common-service:processResources', task ':common:jia-common-service:classes', task ':common:jia-common-service:jar', task ':common:jia-common-test:processResources', task ':common:jia-common-test:classes', task ':common:jia-common-test:jar', task ':economy:jia-economy-api:processResources', task ':economy:jia-economy-api:classes', task ':economy:jia-economy-api:jar', task ':economy:jia-economy-core:processResources', task ':economy:jia-economy-core:classes', task ':economy:jia-economy-core:jar', task ':economy:jia-economy-mapper:processResources', task ':economy:jia-economy-mapper:classes', task ':economy:jia-economy-mapper:jar', task ':economy:jia-economy-service:processResources', task ':economy:jia-economy-service:classes', task ':economy:jia-economy-service:jar', task ':oauth:jia-oauth-api:processResources', task ':oauth:jia-oauth-api:classes', task ':oauth:jia-oauth-api:jar', task ':oauth:jia-oauth-core:processResources', task ':oauth:jia-oauth-core:classes', task ':oauth:jia-oauth-core:jar', task ':task:jia-task-api:processResources', task ':task:jia-task-api:classes', task ':task:jia-task-api:jar', task ':task:jia-task-core:processResources', task ':task:jia-task-core:classes', task ':task:jia-task-core:jar', task ':user:jia-user-api:processResources', task ':user:jia-user-api:classes', task ':user:jia-user-api:jar', task ':user:jia-user-core:processResources', task ':user:jia-user-core:classes', task ':user:jia-user-core:jar', task ':chat:jia-chat-service:chatDeliberation']
Tasks that were excluded: []
Resolve mutations for :common:jia-common-core:compileJava (Thread[#51,included builds,5,main]) started.
:common:jia-common-core:compileJava (Thread[#51,included builds,5,main]) started.

> Task :common:jia-common-core:compileJava UP-TO-DATE
Caching disabled for task ':common:jia-common-core:compileJava' because:
  Build cache is disabled
Skipping task ':common:jia-common-core:compileJava' as it is up-to-date.
work action resolve main (project :common:jia-common-core) (Thread[#51,included builds,5,main]) started.
Resolve mutations for :agent:jia-agent-core:compileJava (Thread[#51,included builds,5,main]) started.
:agent:jia-agent-core:compileJava (Thread[#51,included builds,5,main]) started.

> Task :agent:jia-agent-core:compileJava UP-TO-DATE
Caching disabled for task ':agent:jia-agent-core:compileJava' because:
  Build cache is disabled
Skipping task ':agent:jia-agent-core:compileJava' as it is up-to-date.
work action resolve main (project :agent:jia-agent-core) (Thread[#51,included builds,5,main]) started.
Resolve mutations for :common:jia-common-api:compileJava (Thread[#51,included builds,5,main]) started.
:common:jia-common-api:compileJava (Thread[#51,included builds,5,main]) started.

> Task :common:jia-common-api:compileJava UP-TO-DATE
Caching disabled for task ':common:jia-common-api:compileJava' because:
  Build cache is disabled
Skipping task ':common:jia-common-api:compileJava' as it is up-to-date.
work action resolve main (project :common:jia-common-api) (Thread[#51,included builds,5,main]) started.
Resolve mutations for :agent:jia-agent-api:compileJava (Thread[#51,included builds,5,main]) started.
:agent:jia-agent-api:compileJava (Thread[#51,included builds,5,main]) started.

> Task :agent:jia-agent-api:compileJava UP-TO-DATE
Caching disabled for task ':agent:jia-agent-api:compileJava' because:
  Build cache is disabled
Skipping task ':agent:jia-agent-api:compileJava' as it is up-to-date.
work action resolve main (project :agent:jia-agent-api) (Thread[#51,included builds,5,main]) started.
Resolve mutations for :agent:jia-agent-api:processResources (Thread[#51,included builds,5,main]) started.
:agent:jia-agent-api:processResources (Thread[#51,included builds,5,main]) started.

> Task :agent:jia-agent-api:processResources NO-SOURCE
Skipping task ':agent:jia-agent-api:processResources' as it has no source files and no previous output files.
Resolve mutations for :agent:jia-agent-api:classes (Thread[#51,included builds,5,main]) started.
:agent:jia-agent-api:classes (Thread[#51,included builds,5,main]) started.

> Task :agent:jia-agent-api:classes UP-TO-DATE
Skipping task ':agent:jia-agent-api:classes' as it has no actions.
Resolve mutations for :agent:jia-agent-api:jar (Thread[#51,included builds,5,main]) started.
:agent:jia-agent-api:jar (Thread[#51,included builds,5,main]) started.

> Task :agent:jia-agent-api:jar UP-TO-DATE
Caching disabled for task ':agent:jia-agent-api:jar' because:
  Build cache is disabled
  Not worth caching
Skipping task ':agent:jia-agent-api:jar' as it is up-to-date.
work action resolve jia-agent-api-1.1.2-SNAPSHOT.jar (project :agent:jia-agent-api) (Thread[#51,included builds,5,main]) started.
Resolve mutations for :agent:jia-agent-core:processResources (Thread[#51,included builds,5,main]) started.
:agent:jia-agent-core:processResources (Thread[#51,included builds,5,main]) started.

> Task :agent:jia-agent-core:processResources NO-SOURCE
Skipping task ':agent:jia-agent-core:processResources' as it has no source files and no previous output files.
Resolve mutations for :agent:jia-agent-core:classes (Thread[#51,included builds,5,main]) started.
:agent:jia-agent-core:classes (Thread[#51,included builds,5,main]) started.

> Task :agent:jia-agent-core:classes UP-TO-DATE
Skipping task ':agent:jia-agent-core:classes' as it has no actions.
Resolve mutations for :agent:jia-agent-core:jar (Thread[#51,included builds,5,main]) started.
:agent:jia-agent-core:jar (Thread[#51,included builds,5,main]) started.

> Task :agent:jia-agent-core:jar UP-TO-DATE
Caching disabled for task ':agent:jia-agent-core:jar' because:
  Build cache is disabled
  Not worth caching
Skipping task ':agent:jia-agent-core:jar' as it is up-to-date.
work action resolve jia-agent-core-1.1.2-SNAPSHOT.jar (project :agent:jia-agent-core) (Thread[#51,included builds,5,main]) started.
Resolve mutations for :common:jia-common-mapper:compileJava (Thread[#51,included builds,5,main]) started.
:common:jia-common-mapper:compileJava (Thread[#51,included builds,5,main]) started.

> Task :common:jia-common-mapper:compileJava UP-TO-DATE
Caching disabled for task ':common:jia-common-mapper:compileJava' because:
  Build cache is disabled
Skipping task ':common:jia-common-mapper:compileJava' as it is up-to-date.
work action resolve main (project :common:jia-common-mapper) (Thread[#51,included builds,5,main]) started.
Resolve mutations for :agent:jia-agent-mapper:compileJava (Thread[#51,included builds,5,main]) started.
:agent:jia-agent-mapper:compileJava (Thread[#51,included builds,5,main]) started.

> Task :agent:jia-agent-mapper:compileJava UP-TO-DATE
Caching disabled for task ':agent:jia-agent-mapper:compileJava' because:
  Build cache is disabled
Skipping task ':agent:jia-agent-mapper:compileJava' as it is up-to-date.
work action resolve main (project :agent:jia-agent-mapper) (Thread[#51,included builds,5,main]) started.
Resolve mutations for :agent:jia-agent-mapper:processResources (Thread[#51,included builds,5,main]) started.
:agent:jia-agent-mapper:processResources (Thread[#51,included builds,5,main]) started.

> Task :agent:jia-agent-mapper:processResources UP-TO-DATE
Caching disabled for task ':agent:jia-agent-mapper:processResources' because:
  Build cache is disabled
  Not worth caching
Skipping task ':agent:jia-agent-mapper:processResources' as it is up-to-date.
Resolve mutations for :agent:jia-agent-mapper:classes (Thread[#51,included builds,5,main]) started.
:agent:jia-agent-mapper:classes (Thread[#51,included builds,5,main]) started.

> Task :agent:jia-agent-mapper:classes UP-TO-DATE
Skipping task ':agent:jia-agent-mapper:classes' as it has no actions.
Resolve mutations for :agent:jia-agent-mapper:jar (Thread[#51,included builds,5,main]) started.
:agent:jia-agent-mapper:jar (Thread[#51,included builds,5,main]) started.

> Task :agent:jia-agent-mapper:jar UP-TO-DATE
Caching disabled for task ':agent:jia-agent-mapper:jar' because:
  Build cache is disabled
  Not worth caching
Skipping task ':agent:jia-agent-mapper:jar' as it is up-to-date.
work action resolve jia-agent-mapper-1.1.2-SNAPSHOT.jar (project :agent:jia-agent-mapper) (Thread[#51,included builds,5,main]) started.
Resolve mutations for :chat:jia-chat-core:compileJava (Thread[#51,included builds,5,main]) started.
:chat:jia-chat-core:compileJava (Thread[#51,included builds,5,main]) started.

> Task :chat:jia-chat-core:compileJava UP-TO-DATE
Caching disabled for task ':chat:jia-chat-core:compileJava' because:
  Build cache is disabled
Skipping task ':chat:jia-chat-core:compileJava' as it is up-to-date.
work action resolve main (project :chat:jia-chat-core) (Thread[#51,included builds,5,main]) started.
Resolve mutations for :chat:jia-chat-api:compileJava (Thread[#51,included builds,5,main]) started.
:chat:jia-chat-api:compileJava (Thread[#51,included builds,5,main]) started.

> Task :chat:jia-chat-api:compileJava UP-TO-DATE
Caching disabled for task ':chat:jia-chat-api:compileJava' because:
  Build cache is disabled
Skipping task ':chat:jia-chat-api:compileJava' as it is up-to-date.
work action resolve main (project :chat:jia-chat-api) (Thread[#51,included builds,5,main]) started.
Resolve mutations for :common:jia-common-core:processResources (Thread[#51,included builds,5,main]) started.
:common:jia-common-core:processResources (Thread[#51,included builds,5,main]) started.

> Task :common:jia-common-core:processResources UP-TO-DATE
Caching disabled for task ':common:jia-common-core:processResources' because:
  Build cache is disabled
  Not worth caching
Skipping task ':common:jia-common-core:processResources' as it is up-to-date.
Resolve mutations for :common:jia-common-core:classes (Thread[#51,included builds,5,main]) started.
:common:jia-common-core:classes (Thread[#51,included builds,5,main]) started.

> Task :common:jia-common-core:classes UP-TO-DATE
Skipping task ':common:jia-common-core:classes' as it has no actions.
Resolve mutations for :common:jia-common-core:jar (Thread[#51,included builds,5,main]) started.
:common:jia-common-core:jar (Thread[#51,included builds,5,main]) started.

> Task :common:jia-common-core:jar UP-TO-DATE
Caching disabled for task ':common:jia-common-core:jar' because:
  Build cache is disabled
  Not worth caching
Skipping task ':common:jia-common-core:jar' as it is up-to-date.
work action resolve jia-common-core-1.1.2-SNAPSHOT.jar (project :common:jia-common-core) (Thread[#51,included builds,5,main]) started.
Resolve mutations for :common:jia-common-service:compileJava (Thread[#51,included builds,5,main]) started.
:common:jia-common-service:compileJava (Thread[#51,included builds,5,main]) started.

> Task :common:jia-common-service:compileJava UP-TO-DATE
Caching disabled for task ':common:jia-common-service:compileJava' because:
  Build cache is disabled
Skipping task ':common:jia-common-service:compileJava' as it is up-to-date.
work action resolve main (project :common:jia-common-service) (Thread[#51,included builds,5,main]) started.
Resolve mutations for :economy:jia-economy-core:compileJava (Thread[#51,included builds,5,main]) started.
:economy:jia-economy-core:compileJava (Thread[#51,included builds,5,main]) started.

> Task :economy:jia-economy-core:compileJava UP-TO-DATE
Caching disabled for task ':economy:jia-economy-core:compileJava' because:
  Build cache is disabled
Skipping task ':economy:jia-economy-core:compileJava' as it is up-to-date.
work action resolve main (project :economy:jia-economy-core) (Thread[#51,included builds,5,main]) started.
Resolve mutations for :economy:jia-economy-api:compileJava (Thread[#51,included builds,5,main]) started.
:economy:jia-economy-api:compileJava (Thread[#51,included builds,5,main]) started.

> Task :economy:jia-economy-api:compileJava UP-TO-DATE
Caching disabled for task ':economy:jia-economy-api:compileJava' because:
  Build cache is disabled
Skipping task ':economy:jia-economy-api:compileJava' as it is up-to-date.
work action resolve main (project :economy:jia-economy-api) (Thread[#51,included builds,5,main]) started.
Resolve mutations for :economy:jia-economy-mapper:compileJava (Thread[#51,included builds,5,main]) started.
:economy:jia-economy-mapper:compileJava (Thread[#51,included builds,5,main]) started.

> Task :economy:jia-economy-mapper:compileJava UP-TO-DATE
Caching disabled for task ':economy:jia-economy-mapper:compileJava' because:
  Build cache is disabled
Skipping task ':economy:jia-economy-mapper:compileJava' as it is up-to-date.
work action resolve main (project :economy:jia-economy-mapper) (Thread[#51,included builds,5,main]) started.
Resolve mutations for :economy:jia-economy-service:compileJava (Thread[#51,included builds,5,main]) started.
:economy:jia-economy-service:compileJava (Thread[#51,included builds,5,main]) started.

> Task :economy:jia-economy-service:compileJava UP-TO-DATE
Caching disabled for task ':economy:jia-economy-service:compileJava' because:
  Build cache is disabled
Skipping task ':economy:jia-economy-service:compileJava' as it is up-to-date.
work action resolve main (project :economy:jia-economy-service) (Thread[#51,included builds,5,main]) started.
Resolve mutations for :oauth:jia-oauth-core:compileJava (Thread[#51,included builds,5,main]) started.
:oauth:jia-oauth-core:compileJava (Thread[#51,included builds,5,main]) started.

> Task :oauth:jia-oauth-core:compileJava UP-TO-DATE
Caching disabled for task ':oauth:jia-oauth-core:compileJava' because:
  Build cache is disabled
Skipping task ':oauth:jia-oauth-core:compileJava' as it is up-to-date.
work action resolve main (project :oauth:jia-oauth-core) (Thread[#51,included builds,5,main]) started.
Resolve mutations for :oauth:jia-oauth-api:compileJava (Thread[#51,included builds,5,main]) started.
:oauth:jia-oauth-api:compileJava (Thread[#51,included builds,5,main]) started.

> Task :oauth:jia-oauth-api:compileJava UP-TO-DATE
Caching disabled for task ':oauth:jia-oauth-api:compileJava' because:
  Build cache is disabled
Skipping task ':oauth:jia-oauth-api:compileJava' as it is up-to-date.
work action resolve main (project :oauth:jia-oauth-api) (Thread[#51,included builds,5,main]) started.
Resolve mutations for :task:jia-task-core:compileJava (Thread[#51,included builds,5,main]) started.
:task:jia-task-core:compileJava (Thread[#51,included builds,5,main]) started.

> Task :task:jia-task-core:compileJava UP-TO-DATE
Caching disabled for task ':task:jia-task-core:compileJava' because:
  Build cache is disabled
Skipping task ':task:jia-task-core:compileJava' as it is up-to-date.
work action resolve main (project :task:jia-task-core) (Thread[#51,included builds,5,main]) started.
Resolve mutations for :task:jia-task-api:compileJava (Thread[#51,included builds,5,main]) started.
:task:jia-task-api:compileJava (Thread[#51,included builds,5,main]) started.

> Task :task:jia-task-api:compileJava UP-TO-DATE
Caching disabled for task ':task:jia-task-api:compileJava' because:
  Build cache is disabled
Skipping task ':task:jia-task-api:compileJava' as it is up-to-date.
work action resolve main (project :task:jia-task-api) (Thread[#51,included builds,5,main]) started.
Resolve mutations for :user:jia-user-core:compileJava (Thread[#51,included builds,5,main]) started.
:user:jia-user-core:compileJava (Thread[#51,included builds,5,main]) started.

> Task :user:jia-user-core:compileJava UP-TO-DATE
Caching disabled for task ':user:jia-user-core:compileJava' because:
  Build cache is disabled
Skipping task ':user:jia-user-core:compileJava' as it is up-to-date.
work action resolve main (project :user:jia-user-core) (Thread[#51,included builds,5,main]) started.
Resolve mutations for :user:jia-user-api:compileJava (Thread[#51,included builds,5,main]) started.
:user:jia-user-api:compileJava (Thread[#51,included builds,5,main]) started.

> Task :user:jia-user-api:compileJava UP-TO-DATE
Caching disabled for task ':user:jia-user-api:compileJava' because:
  Build cache is disabled
Skipping task ':user:jia-user-api:compileJava' as it is up-to-date.
work action resolve main (project :user:jia-user-api) (Thread[#51,included builds,5,main]) started.
Resolve mutations for :agent:jia-agent-service:compileJava (Thread[#51,included builds,5,main]) started.
:agent:jia-agent-service:compileJava (Thread[#51,included builds,5,main]) started.

> Task :agent:jia-agent-service:compileJava UP-TO-DATE
Caching disabled for task ':agent:jia-agent-service:compileJava' because:
  Build cache is disabled
Skipping task ':agent:jia-agent-service:compileJava' as it is up-to-date.
work action resolve main (project :agent:jia-agent-service) (Thread[#51,included builds,5,main]) started.
Resolve mutations for :agent:jia-agent-service:processResources (Thread[#51,included builds,5,main]) started.
:agent:jia-agent-service:processResources (Thread[#51,included builds,5,main]) started.

> Task :agent:jia-agent-service:processResources UP-TO-DATE
Caching disabled for task ':agent:jia-agent-service:processResources' because:
  Build cache is disabled
  Not worth caching
Skipping task ':agent:jia-agent-service:processResources' as it is up-to-date.
Resolve mutations for :agent:jia-agent-service:classes (Thread[#51,included builds,5,main]) started.
:agent:jia-agent-service:classes (Thread[#51,included builds,5,main]) started.

> Task :agent:jia-agent-service:classes UP-TO-DATE
Skipping task ':agent:jia-agent-service:classes' as it has no actions.
Resolve mutations for :agent:jia-agent-service:jar (Thread[#51,included builds,5,main]) started.
:agent:jia-agent-service:jar (Thread[#51,included builds,5,main]) started.

> Task :agent:jia-agent-service:jar UP-TO-DATE
Caching disabled for task ':agent:jia-agent-service:jar' because:
  Build cache is disabled
  Not worth caching
Skipping task ':agent:jia-agent-service:jar' as it is up-to-date.
work action resolve jia-agent-service-1.1.2-SNAPSHOT.jar (project :agent:jia-agent-service) (Thread[#51,included builds,5,main]) started.
Resolve mutations for :chat:jia-chat-api:processResources (Thread[#51,included builds,5,main]) started.
:chat:jia-chat-api:processResources (Thread[#51,included builds,5,main]) started.

> Task :chat:jia-chat-api:processResources NO-SOURCE
Skipping task ':chat:jia-chat-api:processResources' as it has no source files and no previous output files.
Resolve mutations for :chat:jia-chat-api:classes (Thread[#51,included builds,5,main]) started.
:chat:jia-chat-api:classes (Thread[#51,included builds,5,main]) started.

> Task :chat:jia-chat-api:classes UP-TO-DATE
Skipping task ':chat:jia-chat-api:classes' as it has no actions.
Resolve mutations for :chat:jia-chat-api:jar (Thread[#51,included builds,5,main]) started.
:chat:jia-chat-api:jar (Thread[#51,included builds,5,main]) started.

> Task :chat:jia-chat-api:jar UP-TO-DATE
Caching disabled for task ':chat:jia-chat-api:jar' because:
  Build cache is disabled
  Not worth caching
Skipping task ':chat:jia-chat-api:jar' as it is up-to-date.
work action resolve jia-chat-api-1.1.2-SNAPSHOT.jar (project :chat:jia-chat-api) (Thread[#51,included builds,5,main]) started.
Resolve mutations for :chat:jia-chat-core:processResources (Thread[#51,included builds,5,main]) started.
:chat:jia-chat-core:processResources (Thread[#51,included builds,5,main]) started.

> Task :chat:jia-chat-core:processResources NO-SOURCE
Skipping task ':chat:jia-chat-core:processResources' as it has no source files and no previous output files.
Resolve mutations for :chat:jia-chat-core:classes (Thread[#51,included builds,5,main]) started.
:chat:jia-chat-core:classes (Thread[#51,included builds,5,main]) started.

> Task :chat:jia-chat-core:classes UP-TO-DATE
Skipping task ':chat:jia-chat-core:classes' as it has no actions.
Resolve mutations for :chat:jia-chat-core:jar (Thread[#51,included builds,5,main]) started.
:chat:jia-chat-core:jar (Thread[#51,included builds,5,main]) started.

> Task :chat:jia-chat-core:jar UP-TO-DATE
Caching disabled for task ':chat:jia-chat-core:jar' because:
  Build cache is disabled
  Not worth caching
Skipping task ':chat:jia-chat-core:jar' as it is up-to-date.
work action resolve jia-chat-core-1.1.2-SNAPSHOT.jar (project :chat:jia-chat-core) (Thread[#51,included builds,5,main]) started.
Resolve mutations for :chat:jia-chat-mapper:compileJava (Thread[#51,included builds,5,main]) started.
:chat:jia-chat-mapper:compileJava (Thread[#51,included builds,5,main]) started.

> Task :chat:jia-chat-mapper:compileJava UP-TO-DATE
Caching disabled for task ':chat:jia-chat-mapper:compileJava' because:
  Build cache is disabled
Skipping task ':chat:jia-chat-mapper:compileJava' as it is up-to-date.
work action resolve main (project :chat:jia-chat-mapper) (Thread[#51,included builds,5,main]) started.
Resolve mutations for :chat:jia-chat-mapper:processResources (Thread[#51,included builds,5,main]) started.
:chat:jia-chat-mapper:processResources (Thread[#51,included builds,5,main]) started.

> Task :chat:jia-chat-mapper:processResources UP-TO-DATE
Caching disabled for task ':chat:jia-chat-mapper:processResources' because:
  Build cache is disabled
  Not worth caching
Skipping task ':chat:jia-chat-mapper:processResources' as it is up-to-date.
Resolve mutations for :chat:jia-chat-mapper:classes (Thread[#51,included builds,5,main]) started.
:chat:jia-chat-mapper:classes (Thread[#51,included builds,5,main]) started.

> Task :chat:jia-chat-mapper:classes UP-TO-DATE
Skipping task ':chat:jia-chat-mapper:classes' as it has no actions.
Resolve mutations for :chat:jia-chat-mapper:jar (Thread[#51,included builds,5,main]) started.
:chat:jia-chat-mapper:jar (Thread[#51,included builds,5,main]) started.

> Task :chat:jia-chat-mapper:jar UP-TO-DATE
Caching disabled for task ':chat:jia-chat-mapper:jar' because:
  Build cache is disabled
  Not worth caching
Skipping task ':chat:jia-chat-mapper:jar' as it is up-to-date.
work action resolve jia-chat-mapper-1.1.2-SNAPSHOT.jar (project :chat:jia-chat-mapper) (Thread[#51,included builds,5,main]) started.
Resolve mutations for :kefu:jia-kefu-core:compileJava (Thread[#51,included builds,5,main]) started.
:kefu:jia-kefu-core:compileJava (Thread[#51,included builds,5,main]) started.

> Task :kefu:jia-kefu-core:compileJava UP-TO-DATE
Caching disabled for task ':kefu:jia-kefu-core:compileJava' because:
  Build cache is disabled
Skipping task ':kefu:jia-kefu-core:compileJava' as it is up-to-date.
work action resolve main (project :kefu:jia-kefu-core) (Thread[#51,included builds,5,main]) started.
Resolve mutations for :kefu:jia-kefu-api:compileJava (Thread[#51,included builds,5,main]) started.
:kefu:jia-kefu-api:compileJava (Thread[#51,included builds,5,main]) started.

> Task :kefu:jia-kefu-api:compileJava UP-TO-DATE
Caching disabled for task ':kefu:jia-kefu-api:compileJava' because:
  Build cache is disabled
Skipping task ':kefu:jia-kefu-api:compileJava' as it is up-to-date.
work action resolve main (project :kefu:jia-kefu-api) (Thread[#51,included builds,5,main]) started.
Resolve mutations for :material:jia-material-core:compileJava (Thread[#51,included builds,5,main]) started.
:material:jia-material-core:compileJava (Thread[#51,included builds,5,main]) started.

> Task :material:jia-material-core:compileJava UP-TO-DATE
Caching disabled for task ':material:jia-material-core:compileJava' because:
  Build cache is disabled
Skipping task ':material:jia-material-core:compileJava' as it is up-to-date.
work action resolve main (project :material:jia-material-core) (Thread[#51,included builds,5,main]) started.
Resolve mutations for :material:jia-material-api:compileJava (Thread[#51,included builds,5,main]) started.
:material:jia-material-api:compileJava (Thread[#51,included builds,5,main]) started.

> Task :material:jia-material-api:compileJava UP-TO-DATE
Caching disabled for task ':material:jia-material-api:compileJava' because:
  Build cache is disabled
Skipping task ':material:jia-material-api:compileJava' as it is up-to-date.
work action resolve main (project :material:jia-material-api) (Thread[#51,included builds,5,main]) started.
Resolve mutations for :point:jia-point-core:compileJava (Thread[#51,included builds,5,main]) started.
:point:jia-point-core:compileJava (Thread[#51,included builds,5,main]) started.

> Task :point:jia-point-core:compileJava UP-TO-DATE
Caching disabled for task ':point:jia-point-core:compileJava' because:
  Build cache is disabled
Skipping task ':point:jia-point-core:compileJava' as it is up-to-date.
work action resolve main (project :point:jia-point-core) (Thread[#51,included builds,5,main]) started.
Resolve mutations for :point:jia-point-api:compileJava (Thread[#51,included builds,5,main]) started.
:point:jia-point-api:compileJava (Thread[#51,included builds,5,main]) started.

> Task :point:jia-point-api:compileJava UP-TO-DATE
Caching disabled for task ':point:jia-point-api:compileJava' because:
  Build cache is disabled
Skipping task ':point:jia-point-api:compileJava' as it is up-to-date.
work action resolve main (project :point:jia-point-api) (Thread[#51,included builds,5,main]) started.
Resolve mutations for :chat:jia-chat-service:compileJava (Thread[#51,included builds,5,main]) started.
:chat:jia-chat-service:compileJava (Thread[#51,included builds,5,main]) started.

> Task :chat:jia-chat-service:compileJava UP-TO-DATE
Cache entries evicted. In-memory cache of /home/isp/wsps/cyf/.worktrees/juyiting-multimedia-deliberation-20260928/api-v3-wire-jackson3-source-owner-20261001/.gradle/9.3.1/checksums/md5-checksums.bin: Size{186} MaxSize{200}, CacheStats{hitCount=0, missCount=186, loadSuccessCount=187, loadExceptionCount=0, totalLoadTime=205906586, evictionCount=1} 
Performance may suffer from in-memory cache misses. Increase max heap size of Gradle build process to reduce cache misses.
Caching disabled for task ':chat:jia-chat-service:compileJava' because:
  Build cache is disabled
Skipping task ':chat:jia-chat-service:compileJava' as it is up-to-date.
Resolve mutations for :chat:jia-chat-service:processResources (Thread[#51,included builds,5,main]) started.
:chat:jia-chat-service:processResources (Thread[#51,included builds,5,main]) started.

> Task :chat:jia-chat-service:processResources UP-TO-DATE
Caching disabled for task ':chat:jia-chat-service:processResources' because:
  Build cache is disabled
  Not worth caching
Skipping task ':chat:jia-chat-service:processResources' as it is up-to-date.
Resolve mutations for :chat:jia-chat-service:classes (Thread[#51,included builds,5,main]) started.
:chat:jia-chat-service:classes (Thread[#51,included builds,5,main]) started.

> Task :chat:jia-chat-service:classes UP-TO-DATE
Skipping task ':chat:jia-chat-service:classes' as it has no actions.
Resolve mutations for :common:jia-common-test:compileJava (Thread[#51,included builds,5,main]) started.
:common:jia-common-test:compileJava (Thread[#51,included builds,5,main]) started.
This JVM does not support getting OS memory, so no OS memory status updates will be broadcast

> Task :common:jia-common-test:compileJava
Caching disabled for task ':common:jia-common-test:compileJava' because:
  Build cache is disabled
Task ':common:jia-common-test:compileJava' is not up-to-date because:
  No history is available.
The input changes require a full rebuild for incremental task ':common:jia-common-test:compileJava'.
Compilation mode: forking compiler
Compiling with toolchain '/home/isp/apps/jdk21'.
Starting process 'Gradle Worker Daemon 1'. Working directory: /root/.gradle/workers Command: /home/isp/apps/jdk21/bin/java --add-opens=jdk.compiler/com.sun.tools.javac.api=ALL-UNNAMED --add-opens=jdk.compiler/com.sun.tools.javac.code=ALL-UNNAMED --add-opens=jdk.compiler/com.sun.tools.javac.comp=ALL-UNNAMED --add-opens=jdk.compiler/com.sun.tools.javac.file=ALL-UNNAMED --add-opens=jdk.compiler/com.sun.tools.javac.main=ALL-UNNAMED --add-opens=jdk.compiler/com.sun.tools.javac.model=ALL-UNNAMED --add-opens=jdk.compiler/com.sun.tools.javac.parser=ALL-UNNAMED --add-opens=jdk.compiler/com.sun.tools.javac.processing=ALL-UNNAMED --add-opens=jdk.compiler/com.sun.tools.javac.tree=ALL-UNNAMED --add-opens=jdk.compiler/com.sun.tools.javac.util=ALL-UNNAMED --add-opens=jdk.compiler/com.sun.tools.javac.jvm=ALL-UNNAMED -XX:+UseSerialGC -XX:ActiveProcessorCount=2 -XX:MaxMetaspaceSize=128m -Xss256k --add-exports=jdk.compiler/com.sun.tools.javac.api=ALL-UNNAMED --add-exports=jdk.compiler/com.sun.tools.javac.util=ALL-UNNAMED @/root/.gradle/.tmp/gradle-worker-classpath5482522310915975948txt -Xmx384m -Dfile.encoding=UTF-8 -Duser.country -Duser.language=en -Duser.variant worker.org.gradle.process.internal.worker.GradleWorkerMain 'Gradle Worker Daemon 1'
Successfully started process 'Gradle Worker Daemon 1'
Picked up JAVA_TOOL_OPTIONS: -XX:-UseJVMCICompiler
Started Gradle worker daemon (1.011 secs) with fork options DaemonForkOptions{executable=/home/isp/apps/jdk21/bin/java, minHeapSize=null, maxHeapSize=384m, jvmArgs=[--add-opens=jdk.compiler/com.sun.tools.javac.api=ALL-UNNAMED, --add-opens=jdk.compiler/com.sun.tools.javac.code=ALL-UNNAMED, --add-opens=jdk.compiler/com.sun.tools.javac.comp=ALL-UNNAMED, --add-opens=jdk.compiler/com.sun.tools.javac.file=ALL-UNNAMED, --add-opens=jdk.compiler/com.sun.tools.javac.main=ALL-UNNAMED, --add-opens=jdk.compiler/com.sun.tools.javac.model=ALL-UNNAMED, --add-opens=jdk.compiler/com.sun.tools.javac.parser=ALL-UNNAMED, --add-opens=jdk.compiler/com.sun.tools.javac.processing=ALL-UNNAMED, --add-opens=jdk.compiler/com.sun.tools.javac.tree=ALL-UNNAMED, --add-opens=jdk.compiler/com.sun.tools.javac.util=ALL-UNNAMED, --add-opens=jdk.compiler/com.sun.tools.javac.jvm=ALL-UNNAMED, -XX:+UseSerialGC, -XX:ActiveProcessorCount=2, -XX:MaxMetaspaceSize=128m, -Xss256k, --add-exports=jdk.compiler/com.sun.tools.javac.api=ALL-UNNAMED, --add-exports=jdk.compiler/com.sun.tools.javac.util=ALL-UNNAMED], keepAliveMode=DAEMON}.
Compiling with JDK Java compiler API.
[INFO] Testable processor initialized
work action resolve main (project :common:jia-common-test) (Thread[#51,included builds,5,main]) started.
Resolve mutations for :chat:jia-chat-service:compileChatDeliberationJava (Thread[#51,included builds,5,main]) started.
:chat:jia-chat-service:compileChatDeliberationJava (Thread[#51,included builds,5,main]) started.

> Task :chat:jia-chat-service:compileChatDeliberationJava
Caching disabled for task ':chat:jia-chat-service:compileChatDeliberationJava' because:
  Build cache is disabled
Task ':chat:jia-chat-service:compileChatDeliberationJava' is not up-to-date because:
  No history is available.
The input changes require a full rebuild for incremental task ':chat:jia-chat-service:compileChatDeliberationJava'.
Compilation mode: forking compiler
Compiling with toolchain '/home/isp/apps/jdk21'.
file or directory '/home/isp/wsps/cyf/.worktrees/juyiting-multimedia-deliberation-20260928/api-v3-wire-jackson3-source-owner-20261001/chat/jia-chat-service/src/chatDeliberation/java', not found
Compiling with JDK Java compiler API.
Note: Some input files use or override a deprecated API.
Note: Recompile with -Xlint:deprecation for details.
Note: Some input files use unchecked or unsafe operations.
Note: Recompile with -Xlint:unchecked for details.
Resolve mutations for :chat:jia-chat-service:processChatDeliberationResources (Thread[#51,included builds,5,main]) started.
:chat:jia-chat-service:processChatDeliberationResources (Thread[#51,included builds,5,main]) started.

> Task :chat:jia-chat-service:processChatDeliberationResources
Caching disabled for task ':chat:jia-chat-service:processChatDeliberationResources' because:
  Build cache is disabled
  Not worth caching
Task ':chat:jia-chat-service:processChatDeliberationResources' is not up-to-date because:
  No history is available.
file or directory '/home/isp/wsps/cyf/.worktrees/juyiting-multimedia-deliberation-20260928/api-v3-wire-jackson3-source-owner-20261001/chat/jia-chat-service/src/chatDeliberation/resources', not found
Resolve mutations for :chat:jia-chat-service:chatDeliberationClasses (Thread[#51,included builds,5,main]) started.
:chat:jia-chat-service:chatDeliberationClasses (Thread[#51,included builds,5,main]) started.

> Task :chat:jia-chat-service:chatDeliberationClasses
Skipping task ':chat:jia-chat-service:chatDeliberationClasses' as it has no actions.
Resolve mutations for :common:jia-common-api:processResources (Thread[#51,included builds,5,main]) started.
:common:jia-common-api:processResources (Thread[#51,included builds,5,main]) started.

> Task :common:jia-common-api:processResources NO-SOURCE
Skipping task ':common:jia-common-api:processResources' as it has no source files and no previous output files.
Resolve mutations for :common:jia-common-api:classes (Thread[#51,included builds,5,main]) started.
:common:jia-common-api:classes (Thread[#51,included builds,5,main]) started.

> Task :common:jia-common-api:classes UP-TO-DATE
Skipping task ':common:jia-common-api:classes' as it has no actions.
Resolve mutations for :common:jia-common-api:jar (Thread[#51,included builds,5,main]) started.
:common:jia-common-api:jar (Thread[#51,included builds,5,main]) started.

> Task :common:jia-common-api:jar UP-TO-DATE
Caching disabled for task ':common:jia-common-api:jar' because:
  Build cache is disabled
  Not worth caching
Skipping task ':common:jia-common-api:jar' as it is up-to-date.
work action resolve jia-common-api-1.1.2-SNAPSHOT.jar (project :common:jia-common-api) (Thread[#51,included builds,5,main]) started.
Resolve mutations for :common:jia-common-mapper:processResources (Thread[#51,included builds,5,main]) started.
:common:jia-common-mapper:processResources (Thread[#51,included builds,5,main]) started.

> Task :common:jia-common-mapper:processResources NO-SOURCE
Skipping task ':common:jia-common-mapper:processResources' as it has no source files and no previous output files.
Resolve mutations for :common:jia-common-mapper:classes (Thread[#51,included builds,5,main]) started.
:common:jia-common-mapper:classes (Thread[#51,included builds,5,main]) started.

> Task :common:jia-common-mapper:classes UP-TO-DATE
Skipping task ':common:jia-common-mapper:classes' as it has no actions.
Resolve mutations for :common:jia-common-mapper:jar (Thread[#51,included builds,5,main]) started.
:common:jia-common-mapper:jar (Thread[#51,included builds,5,main]) started.

> Task :common:jia-common-mapper:jar UP-TO-DATE
Caching disabled for task ':common:jia-common-mapper:jar' because:
  Build cache is disabled
  Not worth caching
Skipping task ':common:jia-common-mapper:jar' as it is up-to-date.
work action resolve jia-common-mapper-1.1.2-SNAPSHOT.jar (project :common:jia-common-mapper) (Thread[#51,included builds,5,main]) started.
Resolve mutations for :common:jia-common-service:processResources (Thread[#51,included builds,5,main]) started.
:common:jia-common-service:processResources (Thread[#51,included builds,5,main]) started.

> Task :common:jia-common-service:processResources UP-TO-DATE
Caching disabled for task ':common:jia-common-service:processResources' because:
  Build cache is disabled
  Not worth caching
Skipping task ':common:jia-common-service:processResources' as it is up-to-date.
Resolve mutations for :common:jia-common-service:classes (Thread[#51,included builds,5,main]) started.
:common:jia-common-service:classes (Thread[#51,included builds,5,main]) started.

> Task :common:jia-common-service:classes UP-TO-DATE
Skipping task ':common:jia-common-service:classes' as it has no actions.
Resolve mutations for :common:jia-common-service:jar (Thread[#51,included builds,5,main]) started.
:common:jia-common-service:jar (Thread[#51,included builds,5,main]) started.

> Task :common:jia-common-service:jar UP-TO-DATE
Caching disabled for task ':common:jia-common-service:jar' because:
  Build cache is disabled
  Not worth caching
Skipping task ':common:jia-common-service:jar' as it is up-to-date.
work action resolve jia-common-service-1.1.2-SNAPSHOT.jar (project :common:jia-common-service) (Thread[#51,included builds,5,main]) started.
Resolve mutations for :common:jia-common-test:processResources (Thread[#51,included builds,5,main]) started.
:common:jia-common-test:processResources (Thread[#51,included builds,5,main]) started.

> Task :common:jia-common-test:processResources
Caching disabled for task ':common:jia-common-test:processResources' because:
  Build cache is disabled
  Not worth caching
Task ':common:jia-common-test:processResources' is not up-to-date because:
  No history is available.
Resolve mutations for :common:jia-common-test:classes (Thread[#51,included builds,5,main]) started.
:common:jia-common-test:classes (Thread[#51,included builds,5,main]) started.

> Task :common:jia-common-test:classes
Skipping task ':common:jia-common-test:classes' as it has no actions.
Resolve mutations for :common:jia-common-test:jar (Thread[#51,included builds,5,main]) started.
:common:jia-common-test:jar (Thread[#51,included builds,5,main]) started.

> Task :common:jia-common-test:jar
Caching disabled for task ':common:jia-common-test:jar' because:
  Build cache is disabled
  Not worth caching
Task ':common:jia-common-test:jar' is not up-to-date because:
  No history is available.
work action resolve jia-common-test-1.1.2-SNAPSHOT.jar (project :common:jia-common-test) (Thread[#51,included builds,5,main]) started.
Resolve mutations for :economy:jia-economy-api:processResources (Thread[#51,included builds,5,main]) started.
:economy:jia-economy-api:processResources (Thread[#51,included builds,5,main]) started.

> Task :economy:jia-economy-api:processResources NO-SOURCE
Skipping task ':economy:jia-economy-api:processResources' as it has no source files and no previous output files.
Resolve mutations for :economy:jia-economy-api:classes (Thread[#51,included builds,5,main]) started.
:economy:jia-economy-api:classes (Thread[#51,included builds,5,main]) started.

> Task :economy:jia-economy-api:classes UP-TO-DATE
Skipping task ':economy:jia-economy-api:classes' as it has no actions.
Resolve mutations for :economy:jia-economy-api:jar (Thread[#51,included builds,5,main]) started.
:economy:jia-economy-api:jar (Thread[#51,included builds,5,main]) started.

> Task :economy:jia-economy-api:jar UP-TO-DATE
Caching disabled for task ':economy:jia-economy-api:jar' because:
  Build cache is disabled
  Not worth caching
Skipping task ':economy:jia-economy-api:jar' as it is up-to-date.
work action resolve jia-economy-api-1.1.2-SNAPSHOT.jar (project :economy:jia-economy-api) (Thread[#51,included builds,5,main]) started.
Resolve mutations for :economy:jia-economy-core:processResources (Thread[#51,included builds,5,main]) started.
:economy:jia-economy-core:processResources (Thread[#51,included builds,5,main]) started.

> Task :economy:jia-economy-core:processResources NO-SOURCE
Skipping task ':economy:jia-economy-core:processResources' as it has no source files and no previous output files.
Resolve mutations for :economy:jia-economy-core:classes (Thread[#51,included builds,5,main]) started.
:economy:jia-economy-core:classes (Thread[#51,included builds,5,main]) started.

> Task :economy:jia-economy-core:classes UP-TO-DATE
Skipping task ':economy:jia-economy-core:classes' as it has no actions.
Resolve mutations for :economy:jia-economy-core:jar (Thread[#51,included builds,5,main]) started.
:economy:jia-economy-core:jar (Thread[#51,included builds,5,main]) started.

> Task :economy:jia-economy-core:jar UP-TO-DATE
Caching disabled for task ':economy:jia-economy-core:jar' because:
  Build cache is disabled
  Not worth caching
Skipping task ':economy:jia-economy-core:jar' as it is up-to-date.
work action resolve jia-economy-core-1.1.2-SNAPSHOT.jar (project :economy:jia-economy-core) (Thread[#51,included builds,5,main]) started.
Resolve mutations for :economy:jia-economy-mapper:processResources (Thread[#51,included builds,5,main]) started.
:economy:jia-economy-mapper:processResources (Thread[#51,included builds,5,main]) started.

> Task :economy:jia-economy-mapper:processResources UP-TO-DATE
Caching disabled for task ':economy:jia-economy-mapper:processResources' because:
  Build cache is disabled
  Not worth caching
Skipping task ':economy:jia-economy-mapper:processResources' as it is up-to-date.
Resolve mutations for :economy:jia-economy-mapper:classes (Thread[#51,included builds,5,main]) started.
:economy:jia-economy-mapper:classes (Thread[#51,included builds,5,main]) started.

> Task :economy:jia-economy-mapper:classes UP-TO-DATE
Skipping task ':economy:jia-economy-mapper:classes' as it has no actions.
Resolve mutations for :economy:jia-economy-mapper:jar (Thread[#51,included builds,5,main]) started.
:economy:jia-economy-mapper:jar (Thread[#51,included builds,5,main]) started.

> Task :economy:jia-economy-mapper:jar UP-TO-DATE
Caching disabled for task ':economy:jia-economy-mapper:jar' because:
  Build cache is disabled
  Not worth caching
Skipping task ':economy:jia-economy-mapper:jar' as it is up-to-date.
work action resolve jia-economy-mapper-1.1.2-SNAPSHOT.jar (project :economy:jia-economy-mapper) (Thread[#51,included builds,5,main]) started.
Resolve mutations for :economy:jia-economy-service:processResources (Thread[#51,included builds,5,main]) started.
:economy:jia-economy-service:processResources (Thread[#51,included builds,5,main]) started.

> Task :economy:jia-economy-service:processResources UP-TO-DATE
Caching disabled for task ':economy:jia-economy-service:processResources' because:
  Build cache is disabled
  Not worth caching
Skipping task ':economy:jia-economy-service:processResources' as it is up-to-date.
Resolve mutations for :economy:jia-economy-service:classes (Thread[#51,included builds,5,main]) started.
:economy:jia-economy-service:classes (Thread[#51,included builds,5,main]) started.

> Task :economy:jia-economy-service:classes UP-TO-DATE
Skipping task ':economy:jia-economy-service:classes' as it has no actions.
Resolve mutations for :economy:jia-economy-service:jar (Thread[#51,included builds,5,main]) started.
:economy:jia-economy-service:jar (Thread[#51,included builds,5,main]) started.

> Task :economy:jia-economy-service:jar UP-TO-DATE
Caching disabled for task ':economy:jia-economy-service:jar' because:
  Build cache is disabled
  Not worth caching
Skipping task ':economy:jia-economy-service:jar' as it is up-to-date.
work action resolve jia-economy-service-1.1.2-SNAPSHOT.jar (project :economy:jia-economy-service) (Thread[#51,included builds,5,main]) started.
Resolve mutations for :oauth:jia-oauth-api:processResources (Thread[#51,included builds,5,main]) started.
:oauth:jia-oauth-api:processResources (Thread[#51,included builds,5,main]) started.

> Task :oauth:jia-oauth-api:processResources NO-SOURCE
Skipping task ':oauth:jia-oauth-api:processResources' as it has no source files and no previous output files.
Resolve mutations for :oauth:jia-oauth-api:classes (Thread[#51,included builds,5,main]) started.
:oauth:jia-oauth-api:classes (Thread[#51,included builds,5,main]) started.

> Task :oauth:jia-oauth-api:classes UP-TO-DATE
Skipping task ':oauth:jia-oauth-api:classes' as it has no actions.
Resolve mutations for :oauth:jia-oauth-api:jar (Thread[#51,included builds,5,main]) started.
:oauth:jia-oauth-api:jar (Thread[#51,included builds,5,main]) started.

> Task :oauth:jia-oauth-api:jar UP-TO-DATE
Caching disabled for task ':oauth:jia-oauth-api:jar' because:
  Build cache is disabled
  Not worth caching
Skipping task ':oauth:jia-oauth-api:jar' as it is up-to-date.
work action resolve jia-oauth-api-1.1.2-SNAPSHOT.jar (project :oauth:jia-oauth-api) (Thread[#51,included builds,5,main]) started.
Resolve mutations for :oauth:jia-oauth-core:processResources (Thread[#51,included builds,5,main]) started.
:oauth:jia-oauth-core:processResources (Thread[#51,included builds,5,main]) started.

> Task :oauth:jia-oauth-core:processResources NO-SOURCE
Skipping task ':oauth:jia-oauth-core:processResources' as it has no source files and no previous output files.
Resolve mutations for :oauth:jia-oauth-core:classes (Thread[#51,included builds,5,main]) started.
:oauth:jia-oauth-core:classes (Thread[#51,included builds,5,main]) started.

> Task :oauth:jia-oauth-core:classes UP-TO-DATE
Skipping task ':oauth:jia-oauth-core:classes' as it has no actions.
Resolve mutations for :oauth:jia-oauth-core:jar (Thread[#51,included builds,5,main]) started.
:oauth:jia-oauth-core:jar (Thread[#51,included builds,5,main]) started.

> Task :oauth:jia-oauth-core:jar UP-TO-DATE
Caching disabled for task ':oauth:jia-oauth-core:jar' because:
  Build cache is disabled
  Not worth caching
Skipping task ':oauth:jia-oauth-core:jar' as it is up-to-date.
work action resolve jia-oauth-core-1.1.2-SNAPSHOT.jar (project :oauth:jia-oauth-core) (Thread[#51,included builds,5,main]) started.
Resolve mutations for :task:jia-task-api:processResources (Thread[#51,included builds,5,main]) started.
:task:jia-task-api:processResources (Thread[#51,included builds,5,main]) started.

> Task :task:jia-task-api:processResources NO-SOURCE
Skipping task ':task:jia-task-api:processResources' as it has no source files and no previous output files.
Resolve mutations for :task:jia-task-api:classes (Thread[#51,included builds,5,main]) started.
:task:jia-task-api:classes (Thread[#51,included builds,5,main]) started.

> Task :task:jia-task-api:classes UP-TO-DATE
Skipping task ':task:jia-task-api:classes' as it has no actions.
Resolve mutations for :task:jia-task-api:jar (Thread[#51,included builds,5,main]) started.
:task:jia-task-api:jar (Thread[#51,included builds,5,main]) started.

> Task :task:jia-task-api:jar UP-TO-DATE
Caching disabled for task ':task:jia-task-api:jar' because:
  Build cache is disabled
  Not worth caching
Skipping task ':task:jia-task-api:jar' as it is up-to-date.
work action resolve jia-task-api-1.1.2-SNAPSHOT.jar (project :task:jia-task-api) (Thread[#51,included builds,5,main]) started.
Resolve mutations for :task:jia-task-core:processResources (Thread[#51,included builds,5,main]) started.
:task:jia-task-core:processResources (Thread[#51,included builds,5,main]) started.

> Task :task:jia-task-core:processResources NO-SOURCE
Skipping task ':task:jia-task-core:processResources' as it has no source files and no previous output files.
Resolve mutations for :task:jia-task-core:classes (Thread[#51,included builds,5,main]) started.
:task:jia-task-core:classes (Thread[#51,included builds,5,main]) started.

> Task :task:jia-task-core:classes UP-TO-DATE
Skipping task ':task:jia-task-core:classes' as it has no actions.
Resolve mutations for :task:jia-task-core:jar (Thread[#51,included builds,5,main]) started.
:task:jia-task-core:jar (Thread[#51,included builds,5,main]) started.

> Task :task:jia-task-core:jar UP-TO-DATE
Caching disabled for task ':task:jia-task-core:jar' because:
  Build cache is disabled
  Not worth caching
Skipping task ':task:jia-task-core:jar' as it is up-to-date.
work action resolve jia-task-core-1.1.2-SNAPSHOT.jar (project :task:jia-task-core) (Thread[#51,included builds,5,main]) started.
Resolve mutations for :user:jia-user-api:processResources (Thread[#51,included builds,5,main]) started.
:user:jia-user-api:processResources (Thread[#51,included builds,5,main]) started.

> Task :user:jia-user-api:processResources NO-SOURCE
Skipping task ':user:jia-user-api:processResources' as it has no source files and no previous output files.
Resolve mutations for :user:jia-user-api:classes (Thread[#51,included builds,5,main]) started.
:user:jia-user-api:classes (Thread[#51,included builds,5,main]) started.

> Task :user:jia-user-api:classes UP-TO-DATE
Skipping task ':user:jia-user-api:classes' as it has no actions.
Resolve mutations for :user:jia-user-api:jar (Thread[#51,included builds,5,main]) started.
:user:jia-user-api:jar (Thread[#51,included builds,5,main]) started.

> Task :user:jia-user-api:jar UP-TO-DATE
Caching disabled for task ':user:jia-user-api:jar' because:
  Build cache is disabled
  Not worth caching
Skipping task ':user:jia-user-api:jar' as it is up-to-date.
work action resolve jia-user-api-1.1.2-SNAPSHOT.jar (project :user:jia-user-api) (Thread[#51,included builds,5,main]) started.
Resolve mutations for :user:jia-user-core:processResources (Thread[#51,included builds,5,main]) started.
:user:jia-user-core:processResources (Thread[#51,included builds,5,main]) started.

> Task :user:jia-user-core:processResources NO-SOURCE
Skipping task ':user:jia-user-core:processResources' as it has no source files and no previous output files.
Resolve mutations for :user:jia-user-core:classes (Thread[#51,included builds,5,main]) started.
:user:jia-user-core:classes (Thread[#51,included builds,5,main]) started.

> Task :user:jia-user-core:classes UP-TO-DATE
Skipping task ':user:jia-user-core:classes' as it has no actions.
Resolve mutations for :user:jia-user-core:jar (Thread[#51,included builds,5,main]) started.
:user:jia-user-core:jar (Thread[#51,included builds,5,main]) started.

> Task :user:jia-user-core:jar UP-TO-DATE
Caching disabled for task ':user:jia-user-core:jar' because:
  Build cache is disabled
  Not worth caching
Skipping task ':user:jia-user-core:jar' as it is up-to-date.
work action resolve jia-user-core-1.1.2-SNAPSHOT.jar (project :user:jia-user-core) (Thread[#51,included builds,5,main]) started.
Resolve mutations for :chat:jia-chat-service:chatDeliberation (Thread[#51,included builds,5,main]) started.
:chat:jia-chat-service:chatDeliberation (Thread[#51,included builds,5,main]) started.

> Task :chat:jia-chat-service:chatDeliberation
Caching disabled for task ':chat:jia-chat-service:chatDeliberation' because:
  Build cache is disabled
Task ':chat:jia-chat-service:chatDeliberation' is not up-to-date because:
  Task.upToDateWhen is false.
Stopped 1 worker daemon(s).
Starting process 'Gradle Test Executor 2'. Working directory: /home/isp/wsps/cyf/.worktrees/juyiting-multimedia-deliberation-20260928/api-v3-wire-jackson3-source-owner-20261001/chat/jia-chat-service Command: /home/isp/apps/jdk21/bin/java -Dorg.gradle.internal.worker.tmpdir=/var/tmp/cyf-mmd-api-followup-v3-verification-20261001/normal-graph-output/jia/chat__jia-chat-service/tmp/chatDeliberation/work -XX:+UseSerialGC -XX:ActiveProcessorCount=2 -XX:MaxMetaspaceSize=128m -Xss256k @/root/.gradle/.tmp/gradle-worker-classpath13791261161846336759txt -Xmx192m -Dfile.encoding=UTF-8 -Duser.country -Duser.language=en -Duser.variant -ea worker.org.gradle.process.internal.worker.GradleWorkerMain 'Gradle Test Executor 2'
Successfully started process 'Gradle Test Executor 2'
Picked up JAVA_TOOL_OPTIONS: -XX:-UseJVMCICompiler

Gradle Test Executor 2 started executing tests.
Java HotSpot(TM) 64-Bit Server VM warning: Sharing is only supported for boot loader classes because bootstrap classpath has been appended

> Task :chat:jia-chat-service:chatDeliberation

ChatTypedDeliberationControllerTest STANDARD_ERROR
    Mockito is currently self-attaching to enable the inline-mock-maker. This will no longer work in future releases of the JDK. Please add Mockito as an agent to your build as described in Mockito's documentation: https://javadoc.io/doc/org.mockito/mockito-core/latest/org.mockito/org/mockito/Mockito.html#0.3
    WARNING: A Java agent has been loaded dynamically (/root/.gradle/caches/modules-2/files-2.1/net.bytebuddy/byte-buddy-agent/1.17.8/f09415827a71be7ed621c7bd02550678f28bc81c/byte-buddy-agent-1.17.8.jar)
    WARNING: If a serviceability tool is in use, please run with -XX:+EnableDynamicAgentLoading to hide this warning
    WARNING: If a serviceability tool is not in use, please run with -Djdk.instrument.traceUsage for more information
    WARNING: Dynamic loading of agents will be disallowed by default in a future release

ChatTypedDeliberationSchemaInitializerTest > ddlIsExactlyFourAdditiveTablesWithExplicitForeignKeyActions() FAILED
    java.lang.IllegalStateException: Typed deliberation DDL unavailable
        at cn.jia.chat.config.ChatTypedDeliberationSchemaInitializer.ddl(ChatTypedDeliberationSchemaInitializer.java:100)
        at cn.jia.chat.config.ChatTypedDeliberationSchemaInitializerTest.ddlIsExactlyFourAdditiveTablesWithExplicitForeignKeyActions(ChatTypedDeliberationSchemaInitializerTest.java:24)

        Caused by:
        java.lang.IllegalStateException: Unsafe typed deliberation DDL
            at cn.jia.chat.config.ChatTypedDeliberationSchemaInitializer.ddl(ChatTypedDeliberationSchemaInitializer.java:95)
            ... 1 more

ChatTypedDeliberationMySqlTest > pristineToV3RestartAndExactCatalogAreReady() FAILED
    java.lang.IllegalStateException: Typed deliberation DDL unavailable
        at cn.jia.chat.config.ChatTypedDeliberationSchemaInitializer.ddl(ChatTypedDeliberationSchemaInitializer.java:100)
        at cn.jia.chat.config.ChatTypedDeliberationSchemaInitializer.initialize(ChatTypedDeliberationSchemaInitializer.java:65)
        at cn.jia.chat.deliberation.ChatTypedDeliberationMySqlTest.pristineToV3RestartAndExactCatalogAreReady(ChatTypedDeliberationMySqlTest.java:51)

        Caused by:
        java.lang.IllegalStateException: Unsafe typed deliberation DDL
            at cn.jia.chat.config.ChatTypedDeliberationSchemaInitializer.ddl(ChatTypedDeliberationSchemaInitializer.java:95)
            ... 2 more

ChatTypedDeliberationMySqlTest > realUniqueForeignKeyAndCheckConstraintsRejectInvalidRows() FAILED
    java.lang.IllegalStateException: Typed deliberation DDL unavailable
        at cn.jia.chat.config.ChatTypedDeliberationSchemaInitializer.ddl(ChatTypedDeliberationSchemaInitializer.java:100)
        at cn.jia.chat.config.ChatTypedDeliberationSchemaInitializer.initialize(ChatTypedDeliberationSchemaInitializer.java:65)
        at cn.jia.chat.deliberation.ChatTypedDeliberationMySqlTest.realUniqueForeignKeyAndCheckConstraintsRejectInvalidRows(ChatTypedDeliberationMySqlTest.java:86)

        Caused by:
        java.lang.IllegalStateException: Unsafe typed deliberation DDL
            at cn.jia.chat.config.ChatTypedDeliberationSchemaInitializer.ddl(ChatTypedDeliberationSchemaInitializer.java:95)
            ... 2 more

ChatTypedDeliberationMySqlTest > partialAndSameNamedWeakenedCheckNeverBecomeReady() FAILED
    java.lang.IllegalStateException: Typed deliberation DDL unavailable
        at cn.jia.chat.config.ChatTypedDeliberationSchemaInitializer.ddl(ChatTypedDeliberationSchemaInitializer.java:100)
        at cn.jia.chat.config.ChatTypedDeliberationSchemaInitializer.initialize(ChatTypedDeliberationSchemaInitializer.java:65)
        at cn.jia.chat.deliberation.ChatTypedDeliberationMySqlTest.partialAndSameNamedWeakenedCheckNeverBecomeReady(ChatTypedDeliberationMySqlTest.java:67)

        Caused by:
        java.lang.IllegalStateException: Unsafe typed deliberation DDL
            at cn.jia.chat.config.ChatTypedDeliberationSchemaInitializer.ddl(ChatTypedDeliberationSchemaInitializer.java:95)
            ... 2 more

AgentWebSocketTypedDeliberationTest > strictRawFinalCarriesExactTypedObjectToAtomicServiceAndRejectsDuplicates() FAILED
    java.lang.NullPointerException: Cannot invoke "cn.jia.chat.deliberation.ChatTurnEntity.getTurnId()" because the return value of "cn.jia.chat.service.ChatDeliberationService$FinalResult.turn()" is null
        at cn.jia.chat.handler.AgentWebSocketHandler.saveAgentMessage(AgentWebSocketHandler.java:1262)
        at cn.jia.chat.handler.AgentWebSocketHandler.handleTextMessage(AgentWebSocketHandler.java:357)
        at cn.jia.chat.handler.AgentWebSocketTypedDeliberationTest.strictRawFinalCarriesExactTypedObjectToAtomicServiceAndRejectsDuplicates(AgentWebSocketTypedDeliberationTest.java:78)

AgentWebSocketTypedDeliberationTest > plainDurableFinalHasNoSynthesizedTypedSidecar() FAILED
    java.lang.NullPointerException: Cannot invoke "cn.jia.chat.deliberation.ChatTurnEntity.getTurnId()" because the return value of "cn.jia.chat.service.ChatDeliberationService$FinalResult.turn()" is null
        at cn.jia.chat.handler.AgentWebSocketHandler.saveAgentMessage(AgentWebSocketHandler.java:1254)
        at cn.jia.chat.handler.AgentWebSocketHandler.handleTextMessage(AgentWebSocketHandler.java:357)
        at cn.jia.chat.handler.AgentWebSocketTypedDeliberationTest.plainDurableFinalHasNoSynthesizedTypedSidecar(AgentWebSocketTypedDeliberationTest.java:111)

ChatDeliberationServiceTest > trustedTypedFactsAreSnapshottedAndParticipateInTheExistingRequestDigest() FAILED
    java.lang.NullPointerException
        at java.base/java.util.Objects.requireNonNull(Objects.java:233)
        at java.base/java.util.ImmutableCollections$MapN.<init>(ImmutableCollections.java:1193)
        at java.base/java.util.Map.ofEntries(Map.java:1680)
        at java.base/java.util.Map.copyOf(Map.java:1748)
        at cn.jia.chat.service.ChatDeliberationService.admit(ChatDeliberationService.java:208)
        at cn.jia.chat.service.ChatDeliberationServiceTest.trustedTypedFactsAreSnapshottedAndParticipateInTheExistingRequestDigest(ChatDeliberationServiceTest.java:95)

ChatTypedDeliberationSpringTransactionTest > everyLateFailureRollsBackMessageOutcomeTurnEventOutboxAndAggregate() STANDARD_OUT
    23:08:03.898 [Test worker] WARN org.springframework.context.annotation.AnnotationConfigApplicationContext -- Exception encountered during context initialization - cancelling refresh attempt: org.springframework.beans.factory.UnsatisfiedDependencyException: Error creating bean with name 'chatDeliberationService': Unsatisfied dependency expressed through method 'setInteractionSteps' parameter 0: No qualifying bean of type 'cn.jia.chat.deliberation.ChatInteractionStepStore' available: expected at least 1 bean which qualifies as autowire candidate. Dependency annotations: {}

ChatTypedDeliberationSpringTransactionTest > everyLateFailureRollsBackMessageOutcomeTurnEventOutboxAndAggregate() FAILED
    org.springframework.beans.factory.UnsatisfiedDependencyException: Error creating bean with name 'chatDeliberationService': Unsatisfied dependency expressed through method 'setInteractionSteps' parameter 0: No qualifying bean of type 'cn.jia.chat.deliberation.ChatInteractionStepStore' available: expected at least 1 bean which qualifies as autowire candidate. Dependency annotations: {}
        at app//org.springframework.beans.factory.annotation.AutowiredAnnotationBeanPostProcessor$AutowiredMethodElement.resolveMethodArguments(AutowiredAnnotationBeanPostProcessor.java:872)
        at app//org.springframework.beans.factory.annotation.AutowiredAnnotationBeanPostProcessor$AutowiredMethodElement.inject(AutowiredAnnotationBeanPostProcessor.java:827)
        at app//org.springframework.beans.factory.annotation.InjectionMetadata.inject(InjectionMetadata.java:146)
        at app//org.springframework.beans.factory.annotation.AutowiredAnnotationBeanPostProcessor.postProcessProperties(AutowiredAnnotationBeanPostProcessor.java:493)
        at app//org.springframework.beans.factory.support.AbstractAutowireCapableBeanFactory.populateBean(AbstractAutowireCapableBeanFactory.java:1444)
        at app//org.springframework.beans.factory.support.AbstractAutowireCapableBeanFactory.doCreateBean(AbstractAutowireCapableBeanFactory.java:602)
        at app//org.springframework.beans.factory.support.AbstractAutowireCapableBeanFactory.createBean(AbstractAutowireCapableBeanFactory.java:525)
        at app//org.springframework.beans.factory.support.AbstractBeanFactory.lambda$doGetBean$0(AbstractBeanFactory.java:333)
        at app//org.springframework.beans.factory.support.DefaultSingletonBeanRegistry.getSingleton(DefaultSingletonBeanRegistry.java:371)
        at app//org.springframework.beans.factory.support.AbstractBeanFactory.doGetBean(AbstractBeanFactory.java:331)
        at app//org.springframework.beans.factory.support.AbstractBeanFactory.getBean(AbstractBeanFactory.java:196)
        at app//org.springframework.beans.factory.support.DefaultListableBeanFactory.instantiateSingleton(DefaultListableBeanFactory.java:1225)
        at app//org.springframework.beans.factory.support.DefaultListableBeanFactory.preInstantiateSingleton(DefaultListableBeanFactory.java:1191)
        at app//org.springframework.beans.factory.support.DefaultListableBeanFactory.preInstantiateSingletons(DefaultListableBeanFactory.java:1121)
        at app//org.springframework.context.support.AbstractApplicationContext.finishBeanFactoryInitialization(AbstractApplicationContext.java:994)
        at app//org.springframework.context.support.AbstractApplicationContext.refresh(AbstractApplicationContext.java:621)
        at app//cn.jia.chat.service.ChatTypedDeliberationSpringTransactionTest.fixture(ChatTypedDeliberationSpringTransactionTest.java:240)
        at app//cn.jia.chat.service.ChatTypedDeliberationSpringTransactionTest.everyLateFailureRollsBackMessageOutcomeTurnEventOutboxAndAggregate(ChatTypedDeliberationSpringTransactionTest.java:35)

        Caused by:
        org.springframework.beans.factory.NoSuchBeanDefinitionException: No qualifying bean of type 'cn.jia.chat.deliberation.ChatInteractionStepStore' available: expected at least 1 bean which qualifies as autowire candidate. Dependency annotations: {}
            at app//org.springframework.beans.factory.support.DefaultListableBeanFactory.raiseNoMatchingBeanFound(DefaultListableBeanFactory.java:2304)
            at app//org.springframework.beans.factory.support.DefaultListableBeanFactory.doResolveDependency(DefaultListableBeanFactory.java:1732)
            at app//org.springframework.beans.factory.support.DefaultListableBeanFactory.resolveDependency(DefaultListableBeanFactory.java:1658)
            at app//org.springframework.beans.factory.annotation.AutowiredAnnotationBeanPostProcessor$AutowiredMethodElement.resolveMethodArguments(AutowiredAnnotationBeanPostProcessor.java:864)
            ... 17 more

ChatTypedDeliberationSpringTransactionTest > productionBeansAreClassProxiedAndTransactionalMethodIsNotFinal() STANDARD_OUT
    23:08:03.964 [Test worker] WARN org.springframework.context.annotation.AnnotationConfigApplicationContext -- Exception encountered during context initialization - cancelling refresh attempt: org.springframework.beans.factory.UnsatisfiedDependencyException: Error creating bean with name 'chatDeliberationService': Unsatisfied dependency expressed through method 'setInteractionSteps' parameter 0: No qualifying bean of type 'cn.jia.chat.deliberation.ChatInteractionStepStore' available: expected at least 1 bean which qualifies as autowire candidate. Dependency annotations: {}

ChatTypedDeliberationSpringTransactionTest > productionBeansAreClassProxiedAndTransactionalMethodIsNotFinal() FAILED
    org.springframework.beans.factory.UnsatisfiedDependencyException: Error creating bean with name 'chatDeliberationService': Unsatisfied dependency expressed through method 'setInteractionSteps' parameter 0: No qualifying bean of type 'cn.jia.chat.deliberation.ChatInteractionStepStore' available: expected at least 1 bean which qualifies as autowire candidate. Dependency annotations: {}
        at app//org.springframework.beans.factory.annotation.AutowiredAnnotationBeanPostProcessor$AutowiredMethodElement.resolveMethodArguments(AutowiredAnnotationBeanPostProcessor.java:872)
        at app//org.springframework.beans.factory.annotation.AutowiredAnnotationBeanPostProcessor$AutowiredMethodElement.inject(AutowiredAnnotationBeanPostProcessor.java:827)
        at app//org.springframework.beans.factory.annotation.InjectionMetadata.inject(InjectionMetadata.java:146)
        at app//org.springframework.beans.factory.annotation.AutowiredAnnotationBeanPostProcessor.postProcessProperties(AutowiredAnnotationBeanPostProcessor.java:493)
        at app//org.springframework.beans.factory.support.AbstractAutowireCapableBeanFactory.populateBean(AbstractAutowireCapableBeanFactory.java:1444)
        at app//org.springframework.beans.factory.support.AbstractAutowireCapableBeanFactory.doCreateBean(AbstractAutowireCapableBeanFactory.java:602)
        at app//org.springframework.beans.factory.support.AbstractAutowireCapableBeanFactory.createBean(AbstractAutowireCapableBeanFactory.java:525)
        at app//org.springframework.beans.factory.support.AbstractBeanFactory.lambda$doGetBean$0(AbstractBeanFactory.java:333)
        at app//org.springframework.beans.factory.support.DefaultSingletonBeanRegistry.getSingleton(DefaultSingletonBeanRegistry.java:371)
        at app//org.springframework.beans.factory.support.AbstractBeanFactory.doGetBean(AbstractBeanFactory.java:331)
        at app//org.springframework.beans.factory.support.AbstractBeanFactory.getBean(AbstractBeanFactory.java:196)
        at app//org.springframework.beans.factory.support.DefaultListableBeanFactory.instantiateSingleton(DefaultListableBeanFactory.java:1225)
        at app//org.springframework.beans.factory.support.DefaultListableBeanFactory.preInstantiateSingleton(DefaultListableBeanFactory.java:1191)
        at app//org.springframework.beans.factory.support.DefaultListableBeanFactory.preInstantiateSingletons(DefaultListableBeanFactory.java:1121)
        at app//org.springframework.context.support.AbstractApplicationContext.finishBeanFactoryInitialization(AbstractApplicationContext.java:994)
        at app//org.springframework.context.support.AbstractApplicationContext.refresh(AbstractApplicationContext.java:621)
        at app//cn.jia.chat.service.ChatTypedDeliberationSpringTransactionTest.fixture(ChatTypedDeliberationSpringTransactionTest.java:240)
        at app//cn.jia.chat.service.ChatTypedDeliberationSpringTransactionTest.productionBeansAreClassProxiedAndTransactionalMethodIsNotFinal(ChatTypedDeliberationSpringTransactionTest.java:154)

        Caused by:
        org.springframework.beans.factory.NoSuchBeanDefinitionException: No qualifying bean of type 'cn.jia.chat.deliberation.ChatInteractionStepStore' available: expected at least 1 bean which qualifies as autowire candidate. Dependency annotations: {}
            at app//org.springframework.beans.factory.support.DefaultListableBeanFactory.raiseNoMatchingBeanFound(DefaultListableBeanFactory.java:2304)
            at app//org.springframework.beans.factory.support.DefaultListableBeanFactory.doResolveDependency(DefaultListableBeanFactory.java:1732)
            at app//org.springframework.beans.factory.support.DefaultListableBeanFactory.resolveDependency(DefaultListableBeanFactory.java:1658)
            at app//org.springframework.beans.factory.annotation.AutowiredAnnotationBeanPostProcessor$AutowiredMethodElement.resolveMethodArguments(AutowiredAnnotationBeanPostProcessor.java:864)
            ... 17 more

ChatTypedDeliberationSpringTransactionTest > clarificationResumeCasRequestEventAndAdmissionShareOneActualTransaction() STANDARD_OUT
    23:08:04.256 [Test worker] WARN org.springframework.context.annotation.AnnotationConfigApplicationContext -- Exception encountered during context initialization - cancelling refresh attempt: org.springframework.beans.factory.UnsatisfiedDependencyException: Error creating bean with name 'chatDeliberationService': Unsatisfied dependency expressed through method 'setInteractionSteps' parameter 0: No qualifying bean of type 'cn.jia.chat.deliberation.ChatInteractionStepStore' available: expected at least 1 bean which qualifies as autowire candidate. Dependency annotations: {}

ChatTypedDeliberationSpringTransactionTest > clarificationResumeCasRequestEventAndAdmissionShareOneActualTransaction() FAILED
    org.springframework.beans.factory.UnsatisfiedDependencyException: Error creating bean with name 'chatDeliberationService': Unsatisfied dependency expressed through method 'setInteractionSteps' parameter 0: No qualifying bean of type 'cn.jia.chat.deliberation.ChatInteractionStepStore' available: expected at least 1 bean which qualifies as autowire candidate. Dependency annotations: {}
        at app//org.springframework.beans.factory.annotation.AutowiredAnnotationBeanPostProcessor$AutowiredMethodElement.resolveMethodArguments(AutowiredAnnotationBeanPostProcessor.java:872)
        at app//org.springframework.beans.factory.annotation.AutowiredAnnotationBeanPostProcessor$AutowiredMethodElement.inject(AutowiredAnnotationBeanPostProcessor.java:827)
        at app//org.springframework.beans.factory.annotation.InjectionMetadata.inject(InjectionMetadata.java:146)
        at app//org.springframework.beans.factory.annotation.AutowiredAnnotationBeanPostProcessor.postProcessProperties(AutowiredAnnotationBeanPostProcessor.java:493)
        at app//org.springframework.beans.factory.support.AbstractAutowireCapableBeanFactory.populateBean(AbstractAutowireCapableBeanFactory.java:1444)
        at app//org.springframework.beans.factory.support.AbstractAutowireCapableBeanFactory.doCreateBean(AbstractAutowireCapableBeanFactory.java:602)
        at app//org.springframework.beans.factory.support.AbstractAutowireCapableBeanFactory.createBean(AbstractAutowireCapableBeanFactory.java:525)
        at app//org.springframework.beans.factory.support.AbstractBeanFactory.lambda$doGetBean$0(AbstractBeanFactory.java:333)
        at app//org.springframework.beans.factory.support.DefaultSingletonBeanRegistry.getSingleton(DefaultSingletonBeanRegistry.java:371)
        at app//org.springframework.beans.factory.support.AbstractBeanFactory.doGetBean(AbstractBeanFactory.java:331)
        at app//org.springframework.beans.factory.support.AbstractBeanFactory.getBean(AbstractBeanFactory.java:196)
        at app//org.springframework.beans.factory.support.DefaultListableBeanFactory.instantiateSingleton(DefaultListableBeanFactory.java:1225)
        at app//org.springframework.beans.factory.support.DefaultListableBeanFactory.preInstantiateSingleton(DefaultListableBeanFactory.java:1191)
        at app//org.springframework.beans.factory.support.DefaultListableBeanFactory.preInstantiateSingletons(DefaultListableBeanFactory.java:1121)
        at app//org.springframework.context.support.AbstractApplicationContext.finishBeanFactoryInitialization(AbstractApplicationContext.java:994)
        at app//org.springframework.context.support.AbstractApplicationContext.refresh(AbstractApplicationContext.java:621)
        at app//cn.jia.chat.service.ChatTypedDeliberationSpringTransactionTest.clarificationResumeCasRequestEventAndAdmissionShareOneActualTransaction(ChatTypedDeliberationSpringTransactionTest.java:139)

        Caused by:
        org.springframework.beans.factory.NoSuchBeanDefinitionException: No qualifying bean of type 'cn.jia.chat.deliberation.ChatInteractionStepStore' available: expected at least 1 bean which qualifies as autowire candidate. Dependency annotations: {}
            at app//org.springframework.beans.factory.support.DefaultListableBeanFactory.raiseNoMatchingBeanFound(DefaultListableBeanFactory.java:2304)
            at app//org.springframework.beans.factory.support.DefaultListableBeanFactory.doResolveDependency(DefaultListableBeanFactory.java:1732)
            at app//org.springframework.beans.factory.support.DefaultListableBeanFactory.resolveDependency(DefaultListableBeanFactory.java:1658)
            at app//org.springframework.beans.factory.annotation.AutowiredAnnotationBeanPostProcessor$AutowiredMethodElement.resolveMethodArguments(AutowiredAnnotationBeanPostProcessor.java:864)
            ... 16 more

ChatTypedDeliberationSpringTransactionTest > pendingAndProposalFailuresRollBackMessageAndOutcomeInTheSameTransaction() STANDARD_OUT
    23:08:04.315 [Test worker] WARN org.springframework.context.annotation.AnnotationConfigApplicationContext -- Exception encountered during context initialization - cancelling refresh attempt: org.springframework.beans.factory.UnsatisfiedDependencyException: Error creating bean with name 'chatDeliberationService': Unsatisfied dependency expressed through method 'setInteractionSteps' parameter 0: No qualifying bean of type 'cn.jia.chat.deliberation.ChatInteractionStepStore' available: expected at least 1 bean which qualifies as autowire candidate. Dependency annotations: {}

ChatTypedDeliberationSpringTransactionTest > pendingAndProposalFailuresRollBackMessageAndOutcomeInTheSameTransaction() FAILED
    org.springframework.beans.factory.UnsatisfiedDependencyException: Error creating bean with name 'chatDeliberationService': Unsatisfied dependency expressed through method 'setInteractionSteps' parameter 0: No qualifying bean of type 'cn.jia.chat.deliberation.ChatInteractionStepStore' available: expected at least 1 bean which qualifies as autowire candidate. Dependency annotations: {}
        at app//org.springframework.beans.factory.annotation.AutowiredAnnotationBeanPostProcessor$AutowiredMethodElement.resolveMethodArguments(AutowiredAnnotationBeanPostProcessor.java:872)
        at app//org.springframework.beans.factory.annotation.AutowiredAnnotationBeanPostProcessor$AutowiredMethodElement.inject(AutowiredAnnotationBeanPostProcessor.java:827)
        at app//org.springframework.beans.factory.annotation.InjectionMetadata.inject(InjectionMetadata.java:146)
        at app//org.springframework.beans.factory.annotation.AutowiredAnnotationBeanPostProcessor.postProcessProperties(AutowiredAnnotationBeanPostProcessor.java:493)
        at app//org.springframework.beans.factory.support.AbstractAutowireCapableBeanFactory.populateBean(AbstractAutowireCapableBeanFactory.java:1444)
        at app//org.springframework.beans.factory.support.AbstractAutowireCapableBeanFactory.doCreateBean(AbstractAutowireCapableBeanFactory.java:602)
        at app//org.springframework.beans.factory.support.AbstractAutowireCapableBeanFactory.createBean(AbstractAutowireCapableBeanFactory.java:525)
        at app//org.springframework.beans.factory.support.AbstractBeanFactory.lambda$doGetBean$0(AbstractBeanFactory.java:333)
        at app//org.springframework.beans.factory.support.DefaultSingletonBeanRegistry.getSingleton(DefaultSingletonBeanRegistry.java:371)
        at app//org.springframework.beans.factory.support.AbstractBeanFactory.doGetBean(AbstractBeanFactory.java:331)
        at app//org.springframework.beans.factory.support.AbstractBeanFactory.getBean(AbstractBeanFactory.java:196)
        at app//org.springframework.beans.factory.support.DefaultListableBeanFactory.instantiateSingleton(DefaultListableBeanFactory.java:1225)
        at app//org.springframework.beans.factory.support.DefaultListableBeanFactory.preInstantiateSingleton(DefaultListableBeanFactory.java:1191)
        at app//org.springframework.beans.factory.support.DefaultListableBeanFactory.preInstantiateSingletons(DefaultListableBeanFactory.java:1121)
        at app//org.springframework.context.support.AbstractApplicationContext.finishBeanFactoryInitialization(AbstractApplicationContext.java:994)
        at app//org.springframework.context.support.AbstractApplicationContext.refresh(AbstractApplicationContext.java:621)
        at app//cn.jia.chat.service.ChatTypedDeliberationSpringTransactionTest.fixture(ChatTypedDeliberationSpringTransactionTest.java:240)
        at app//cn.jia.chat.service.ChatTypedDeliberationSpringTransactionTest.pendingAndProposalFailuresRollBackMessageAndOutcomeInTheSameTransaction(ChatTypedDeliberationSpringTransactionTest.java:56)

        Caused by:
        org.springframework.beans.factory.NoSuchBeanDefinitionException: No qualifying bean of type 'cn.jia.chat.deliberation.ChatInteractionStepStore' available: expected at least 1 bean which qualifies as autowire candidate. Dependency annotations: {}
            at app//org.springframework.beans.factory.support.DefaultListableBeanFactory.raiseNoMatchingBeanFound(DefaultListableBeanFactory.java:2304)
            at app//org.springframework.beans.factory.support.DefaultListableBeanFactory.doResolveDependency(DefaultListableBeanFactory.java:1732)
            at app//org.springframework.beans.factory.support.DefaultListableBeanFactory.resolveDependency(DefaultListableBeanFactory.java:1658)
            at app//org.springframework.beans.factory.annotation.AutowiredAnnotationBeanPostProcessor$AutowiredMethodElement.resolveMethodArguments(AutowiredAnnotationBeanPostProcessor.java:864)
            ... 17 more

ChatTypedDiscussionAdmissionServiceTest > clarificationReplyUsesPendingCasAndPersistsAnsweredEventAtomically() FAILED
    cn.jia.chat.service.ChatDeliberationException: Pending question state changed
        at app//cn.jia.chat.service.ChatTypedDiscussionAdmissionService.conflict(ChatTypedDiscussionAdmissionService.java:178)
        at app//cn.jia.chat.service.ChatTypedDiscussionAdmissionService.lambda$admit$0(ChatTypedDiscussionAdmissionService.java:102)
        at app//cn.jia.chat.service.ChatTypedDiscussionAdmissionServiceTest.lambda$ready$0(ChatTypedDiscussionAdmissionServiceTest.java:35)
        at app//org.mockito.internal.stubbing.StubbedInvocationMatcher.answer(StubbedInvocationMatcher.java:42)
        at app//org.mockito.internal.handler.MockHandlerImpl.handle(MockHandlerImpl.java:103)
        at app//org.mockito.internal.handler.NullResultGuardian.handle(NullResultGuardian.java:29)
        at app//org.mockito.internal.handler.InvocationNotifierHandler.handle(InvocationNotifierHandler.java:34)
        at app//org.mockito.internal.creation.bytebuddy.access.MockMethodInterceptor.doIntercept(MockMethodInterceptor.java:84)
        at app//org.mockito.internal.creation.bytebuddy.access.MockMethodInterceptor.doIntercept(MockMethodInterceptor.java:58)
        at app//org.mockito.internal.creation.bytebuddy.access.MockMethodInterceptor$DispatcherDefaultingToRealMethod.interceptAbstract(MockMethodInterceptor.java:163)
        at app//cn.jia.agent.service.AgentTaskMutationTransaction$MockitoMock$NSpu5vB9.executeWithLockedTaskRootInOwnerScope(Unknown Source)
        at app//cn.jia.chat.service.ChatTypedDiscussionAdmissionService.admit(ChatTypedDiscussionAdmissionService.java:60)
        at app//cn.jia.chat.service.ChatTypedDiscussionAdmissionServiceTest.clarificationReplyUsesPendingCasAndPersistsAnsweredEventAtomically(ChatTypedDiscussionAdmissionServiceTest.java:144)

ChatTypedDiscussionAdmissionServiceTest > freshDiscussionCreatesOneOrdinaryChatAndTypedAdmissionWithoutAuthority() FAILED
    org.opentest4j.AssertionFailedError: expected: </chat/requests/request-new> but was: </chat/requests/mmd-typed-request_fe970992dab47bc9b196cac7254114ffb8a50809>
        at app//org.junit.jupiter.api.AssertionFailureBuilder.build(AssertionFailureBuilder.java:158)
        at app//org.junit.jupiter.api.AssertionFailureBuilder.buildAndThrow(AssertionFailureBuilder.java:139)
        at app//org.junit.jupiter.api.AssertEquals.failNotEqual(AssertEquals.java:201)
        at app//org.junit.jupiter.api.AssertEquals.assertEquals(AssertEquals.java:184)
        at app//org.junit.jupiter.api.AssertEquals.assertEquals(AssertEquals.java:179)
        at app//org.junit.jupiter.api.Assertions.assertEquals(Assertions.java:1188)
        at app//cn.jia.chat.service.ChatTypedDiscussionAdmissionServiceTest.freshDiscussionCreatesOneOrdinaryChatAndTypedAdmissionWithoutAuthority(ChatTypedDiscussionAdmissionServiceTest.java:48)

Gradle Test Executor 2 finished executing tests.

> Task :chat:jia-chat-service:chatDeliberation FAILED

64 tests completed, 13 failed
Generating HTML test report...
Finished generating test html results (0.118 secs) into: /var/tmp/cyf-mmd-api-followup-v3-verification-20261001/normal-graph-output/jia/chat__jia-chat-service/reports/tests/chatDeliberation
Finished generating test XML results (0.027 secs) into: /var/tmp/cyf-mmd-api-followup-v3-verification-20261001/normal-graph-output/jia/chat__jia-chat-service/test-results/chatDeliberation

[Incubating] Problems report is available at: file:///var/tmp/cyf-mmd-api-followup-v3-verification-20261001/normal-graph-output/jia/_root/reports/problems/problems-report.html

FAILURE: Build failed with an exception.

* What went wrong:
Execution failed for task ':chat:jia-chat-service:chatDeliberation'.
> There were failing tests. See the report at: file:///var/tmp/cyf-mmd-api-followup-v3-verification-20261001/normal-graph-output/jia/chat__jia-chat-service/reports/tests/chatDeliberation/index.html

* Try:
> Run with --scan to get full insights from a Build Scan (powered by Develocity).

* Exception is:
org.gradle.api.tasks.TaskExecutionException: Execution failed for task ':chat:jia-chat-service:chatDeliberation'.
	at org.gradle.api.internal.tasks.execution.ExecuteActionsTaskExecuter.lambda$executeIfValid$1(ExecuteActionsTaskExecuter.java:135)
	at org.gradle.internal.Try$Failure.ifSuccessfulOrElse(Try.java:288)
	at org.gradle.api.internal.tasks.execution.ExecuteActionsTaskExecuter.executeIfValid(ExecuteActionsTaskExecuter.java:133)
	at org.gradle.api.internal.tasks.execution.ExecuteActionsTaskExecuter.execute(ExecuteActionsTaskExecuter.java:121)
	at org.gradle.api.internal.tasks.execution.ProblemsTaskPathTrackingTaskExecuter.execute(ProblemsTaskPathTrackingTaskExecuter.java:41)
	at org.gradle.api.internal.tasks.execution.FinalizePropertiesTaskExecuter.execute(FinalizePropertiesTaskExecuter.java:46)
	at org.gradle.api.internal.tasks.execution.ResolveTaskExecutionModeExecuter.execute(ResolveTaskExecutionModeExecuter.java:51)
	at org.gradle.api.internal.tasks.execution.SkipTaskWithNoActionsExecuter.execute(SkipTaskWithNoActionsExecuter.java:57)
	at org.gradle.api.internal.tasks.execution.SkipOnlyIfTaskExecuter.execute(SkipOnlyIfTaskExecuter.java:74)
	at org.gradle.api.internal.tasks.execution.CatchExceptionTaskExecuter.execute(CatchExceptionTaskExecuter.java:36)
	at org.gradle.api.internal.tasks.execution.EventFiringTaskExecuter$1.executeTask(EventFiringTaskExecuter.java:77)
	at org.gradle.api.internal.tasks.execution.EventFiringTaskExecuter$1.call(EventFiringTaskExecuter.java:55)
	at org.gradle.api.internal.tasks.execution.EventFiringTaskExecuter$1.call(EventFiringTaskExecuter.java:52)
	at org.gradle.internal.operations.DefaultBuildOperationRunner$CallableBuildOperationWorker.execute(DefaultBuildOperationRunner.java:209)
	at org.gradle.internal.operations.DefaultBuildOperationRunner$CallableBuildOperationWorker.execute(DefaultBuildOperationRunner.java:204)
	at org.gradle.internal.operations.DefaultBuildOperationRunner$2.execute(DefaultBuildOperationRunner.java:66)
	at org.gradle.internal.operations.DefaultBuildOperationRunner$2.execute(DefaultBuildOperationRunner.java:59)
	at org.gradle.internal.operations.DefaultBuildOperationRunner.execute(DefaultBuildOperationRunner.java:166)
	at org.gradle.internal.operations.DefaultBuildOperationRunner.execute(DefaultBuildOperationRunner.java:59)
	at org.gradle.internal.operations.DefaultBuildOperationRunner.call(DefaultBuildOperationRunner.java:53)
	at org.gradle.api.internal.tasks.execution.EventFiringTaskExecuter.execute(EventFiringTaskExecuter.java:52)
	at org.gradle.execution.plan.DefaultNodeExecutor.executeLocalTaskNode(DefaultNodeExecutor.java:55)
	at org.gradle.execution.plan.DefaultNodeExecutor.execute(DefaultNodeExecutor.java:34)
	at org.gradle.execution.taskgraph.DefaultTaskExecutionGraph$InvokeNodeExecutorsAction.execute(DefaultTaskExecutionGraph.java:355)
	at org.gradle.execution.taskgraph.DefaultTaskExecutionGraph$InvokeNodeExecutorsAction.execute(DefaultTaskExecutionGraph.java:343)
	at org.gradle.execution.taskgraph.DefaultTaskExecutionGraph$BuildOperationAwareExecutionAction.lambda$execute$0(DefaultTaskExecutionGraph.java:339)
	at org.gradle.internal.operations.CurrentBuildOperationRef.with(CurrentBuildOperationRef.java:84)
	at org.gradle.execution.taskgraph.DefaultTaskExecutionGraph$BuildOperationAwareExecutionAction.execute(DefaultTaskExecutionGraph.java:339)
	at org.gradle.execution.taskgraph.DefaultTaskExecutionGraph$BuildOperationAwareExecutionAction.execute(DefaultTaskExecutionGraph.java:328)
	at org.gradle.execution.plan.DefaultPlanExecutor$ExecutorWorker.execute(DefaultPlanExecutor.java:459)
	at org.gradle.execution.plan.DefaultPlanExecutor$ExecutorWorker.run(DefaultPlanExecutor.java:376)
	at org.gradle.execution.plan.DefaultPlanExecutor.process(DefaultPlanExecutor.java:111)
	at org.gradle.execution.taskgraph.DefaultTaskExecutionGraph.executeWithServices(DefaultTaskExecutionGraph.java:146)
	at org.gradle.execution.taskgraph.DefaultTaskExecutionGraph.execute(DefaultTaskExecutionGraph.java:131)
	at org.gradle.execution.SelectedTaskExecutionAction.execute(SelectedTaskExecutionAction.java:35)
	at org.gradle.execution.BuildOperationFiringBuildWorkerExecutor$ExecuteTasks.call(BuildOperationFiringBuildWorkerExecutor.java:54)
	at org.gradle.execution.BuildOperationFiringBuildWorkerExecutor$ExecuteTasks.call(BuildOperationFiringBuildWorkerExecutor.java:43)
	at org.gradle.internal.operations.DefaultBuildOperationRunner$CallableBuildOperationWorker.execute(DefaultBuildOperationRunner.java:209)
	at org.gradle.internal.operations.DefaultBuildOperationRunner$CallableBuildOperationWorker.execute(DefaultBuildOperationRunner.java:204)
	at org.gradle.internal.operations.DefaultBuildOperationRunner$2.execute(DefaultBuildOperationRunner.java:66)
	at org.gradle.internal.operations.DefaultBuildOperationRunner$2.execute(DefaultBuildOperationRunner.java:59)
	at org.gradle.internal.operations.DefaultBuildOperationRunner.execute(DefaultBuildOperationRunner.java:166)
	at org.gradle.internal.operations.DefaultBuildOperationRunner.execute(DefaultBuildOperationRunner.java:59)
	at org.gradle.internal.operations.DefaultBuildOperationRunner.call(DefaultBuildOperationRunner.java:53)
	at org.gradle.execution.BuildOperationFiringBuildWorkerExecutor.execute(BuildOperationFiringBuildWorkerExecutor.java:40)
	at org.gradle.internal.build.DefaultBuildLifecycleController.lambda$executeTasks$10(DefaultBuildLifecycleController.java:313)
	at org.gradle.internal.model.StateTransitionController.doTransition(StateTransitionController.java:276)
	at org.gradle.internal.model.StateTransitionController.lambda$tryTransition$8(StateTransitionController.java:187)
	at org.gradle.internal.work.DefaultSynchronizer.withLock(DefaultSynchronizer.java:45)
	at org.gradle.internal.model.StateTransitionController.tryTransition(StateTransitionController.java:187)
	at org.gradle.internal.build.DefaultBuildLifecycleController.executeTasks(DefaultBuildLifecycleController.java:304)
	at org.gradle.internal.build.DefaultBuildWorkGraphController$DefaultBuildWorkGraph.runWork(DefaultBuildWorkGraphController.java:220)
	at org.gradle.internal.work.DefaultWorkerLeaseService.lambda$withLocksAcquired$0(DefaultWorkerLeaseService.java:269)
	at org.gradle.internal.work.ResourceLockStatistics$1.measure(ResourceLockStatistics.java:42)
	at org.gradle.internal.work.DefaultWorkerLeaseService.withLocksAcquired(DefaultWorkerLeaseService.java:267)
	at org.gradle.internal.work.DefaultWorkerLeaseService.withLocks(DefaultWorkerLeaseService.java:259)
	at org.gradle.internal.work.DefaultWorkerLeaseService.runAsWorkerThread(DefaultWorkerLeaseService.java:127)
	at org.gradle.composite.internal.DefaultBuildController.doRun(DefaultBuildController.java:181)
	at org.gradle.composite.internal.DefaultBuildController.access$000(DefaultBuildController.java:50)
	at org.gradle.composite.internal.DefaultBuildController$BuildOpRunnable.lambda$run$0(DefaultBuildController.java:198)
	at org.gradle.internal.operations.CurrentBuildOperationRef.with(CurrentBuildOperationRef.java:84)
	at org.gradle.composite.internal.DefaultBuildController$BuildOpRunnable.run(DefaultBuildController.java:198)
	at org.gradle.internal.concurrent.ExecutorPolicy$CatchAndRecordFailures.onExecute(ExecutorPolicy.java:64)
	at org.gradle.internal.concurrent.AbstractManagedExecutor$1.run(AbstractManagedExecutor.java:47)
Caused by: org.gradle.api.internal.exceptions.MarkedVerificationException: There were failing tests. See the report at: file:///var/tmp/cyf-mmd-api-followup-v3-verification-20261001/normal-graph-output/jia/chat__jia-chat-service/reports/tests/chatDeliberation/index.html
	at org.gradle.api.tasks.testing.AbstractTestTask.executeTests(AbstractTestTask.java:552)
	at org.gradle.api.tasks.testing.Test.executeTests(Test.java:722)
	at org.gradle.internal.reflect.JavaMethod.invoke(JavaMethod.java:125)
	at org.gradle.api.internal.project.taskfactory.StandardTaskAction.doExecute(StandardTaskAction.java:58)
	at org.gradle.api.internal.project.taskfactory.StandardTaskAction.execute(StandardTaskAction.java:51)
	at org.gradle.api.internal.project.taskfactory.StandardTaskAction.execute(StandardTaskAction.java:29)
	at org.gradle.api.internal.tasks.execution.TaskExecution$3.run(TaskExecution.java:259)
	at org.gradle.internal.operations.DefaultBuildOperationRunner$1.execute(DefaultBuildOperationRunner.java:29)
	at org.gradle.internal.operations.DefaultBuildOperationRunner$1.execute(DefaultBuildOperationRunner.java:26)
	at org.gradle.internal.operations.DefaultBuildOperationRunner$2.execute(DefaultBuildOperationRunner.java:66)
	at org.gradle.internal.operations.DefaultBuildOperationRunner$2.execute(DefaultBuildOperationRunner.java:59)
	at org.gradle.internal.operations.DefaultBuildOperationRunner.execute(DefaultBuildOperationRunner.java:166)
	at org.gradle.internal.operations.DefaultBuildOperationRunner.execute(DefaultBuildOperationRunner.java:59)
	at org.gradle.internal.operations.DefaultBuildOperationRunner.run(DefaultBuildOperationRunner.java:47)
	at org.gradle.api.internal.tasks.execution.TaskExecution.executeAction(TaskExecution.java:244)
	at org.gradle.api.internal.tasks.execution.TaskExecution.executeActions(TaskExecution.java:227)
	at org.gradle.api.internal.tasks.execution.TaskExecution.executeWithPreviousOutputFiles(TaskExecution.java:210)
	at org.gradle.api.internal.tasks.execution.TaskExecution.execute(TaskExecution.java:176)
	at org.gradle.internal.execution.steps.ExecuteStep.executeInternal(ExecuteStep.java:110)
	at org.gradle.internal.execution.steps.ExecuteStep.access$000(ExecuteStep.java:47)
	at org.gradle.internal.execution.steps.ExecuteStep$1.call(ExecuteStep.java:64)
	at org.gradle.internal.execution.steps.ExecuteStep$1.call(ExecuteStep.java:61)
	at org.gradle.internal.operations.DefaultBuildOperationRunner$CallableBuildOperationWorker.execute(DefaultBuildOperationRunner.java:209)
	at org.gradle.internal.operations.DefaultBuildOperationRunner$CallableBuildOperationWorker.execute(DefaultBuildOperationRunner.java:204)
	at org.gradle.internal.operations.DefaultBuildOperationRunner$2.execute(DefaultBuildOperationRunner.java:66)
	at org.gradle.internal.operations.DefaultBuildOperationRunner$2.execute(DefaultBuildOperationRunner.java:59)
	at org.gradle.internal.operations.DefaultBuildOperationRunner.execute(DefaultBuildOperationRunner.java:166)
	at org.gradle.internal.operations.DefaultBuildOperationRunner.execute(DefaultBuildOperationRunner.java:59)
	at org.gradle.internal.operations.DefaultBuildOperationRunner.call(DefaultBuildOperationRunner.java:53)
	at org.gradle.internal.execution.steps.ExecuteStep.execute(ExecuteStep.java:61)
	at org.gradle.internal.execution.steps.ExecuteStep.execute(ExecuteStep.java:47)
	at org.gradle.internal.execution.steps.CancelExecutionStep.execute(CancelExecutionStep.java:42)
	at org.gradle.internal.execution.steps.TimeoutStep.executeWithoutTimeout(TimeoutStep.java:75)
	at org.gradle.internal.execution.steps.TimeoutStep.execute(TimeoutStep.java:55)
	at org.gradle.internal.execution.steps.PreCreateOutputParentsStep.execute(PreCreateOutputParentsStep.java:51)
	at org.gradle.internal.execution.steps.PreCreateOutputParentsStep.execute(PreCreateOutputParentsStep.java:29)
	at org.gradle.internal.execution.steps.RemovePreviousOutputsStep.executeMutable(RemovePreviousOutputsStep.java:70)
	at org.gradle.internal.execution.steps.RemovePreviousOutputsStep.executeMutable(RemovePreviousOutputsStep.java:40)
	at org.gradle.internal.execution.steps.MutableStep.execute(MutableStep.java:25)
	at org.gradle.internal.execution.steps.BroadcastChangingOutputsStep.execute(BroadcastChangingOutputsStep.java:62)
	at org.gradle.internal.execution.steps.BroadcastChangingOutputsStep.execute(BroadcastChangingOutputsStep.java:27)
	at org.gradle.internal.execution.steps.CaptureOutputsAfterExecutionStep.execute(CaptureOutputsAfterExecutionStep.java:69)
	at org.gradle.internal.execution.steps.CaptureOutputsAfterExecutionStep.execute(CaptureOutputsAfterExecutionStep.java:46)
	at org.gradle.internal.execution.steps.ResolveInputChangesStep.executeMutable(ResolveInputChangesStep.java:39)
	at org.gradle.internal.execution.steps.ResolveInputChangesStep.executeMutable(ResolveInputChangesStep.java:28)
	at org.gradle.internal.execution.steps.MutableStep.execute(MutableStep.java:25)
	at org.gradle.internal.execution.steps.BuildCacheStep.executeWithoutCache(BuildCacheStep.java:192)
	at org.gradle.internal.execution.steps.BuildCacheStep.lambda$execute$1(BuildCacheStep.java:76)
	at org.gradle.internal.Either$Right.fold(Either.java:176)
	at org.gradle.internal.execution.caching.CachingState.fold(CachingState.java:62)
	at org.gradle.internal.execution.steps.BuildCacheStep.execute(BuildCacheStep.java:74)
	at org.gradle.internal.execution.steps.BuildCacheStep.execute(BuildCacheStep.java:49)
	at org.gradle.internal.execution.steps.StoreExecutionStateStep.execute(StoreExecutionStateStep.java:46)
	at org.gradle.internal.execution.steps.StoreExecutionStateStep.execute(StoreExecutionStateStep.java:35)
	at org.gradle.internal.execution.steps.SkipUpToDateStep.executeBecause(SkipUpToDateStep.java:75)
	at org.gradle.internal.execution.steps.SkipUpToDateStep.lambda$execute$2(SkipUpToDateStep.java:53)
	at org.gradle.internal.execution.steps.SkipUpToDateStep.execute(SkipUpToDateStep.java:53)
	at org.gradle.internal.execution.steps.SkipUpToDateStep.execute(SkipUpToDateStep.java:35)
	at org.gradle.internal.execution.steps.legacy.MarkSnapshottingInputsFinishedStep.execute(MarkSnapshottingInputsFinishedStep.java:37)
	at org.gradle.internal.execution.steps.legacy.MarkSnapshottingInputsFinishedStep.execute(MarkSnapshottingInputsFinishedStep.java:27)
	at org.gradle.internal.execution.steps.ResolveIncrementalCachingStateStep.executeDelegate(ResolveIncrementalCachingStateStep.java:49)
	at org.gradle.internal.execution.steps.ResolveIncrementalCachingStateStep.executeDelegate(ResolveIncrementalCachingStateStep.java:27)
	at org.gradle.internal.execution.steps.AbstractResolveCachingStateStep.execute(AbstractResolveCachingStateStep.java:71)
	at org.gradle.internal.execution.steps.AbstractResolveCachingStateStep.execute(AbstractResolveCachingStateStep.java:39)
	at org.gradle.internal.execution.steps.ResolveChangesStep.executeMutable(ResolveChangesStep.java:63)
	at org.gradle.internal.execution.steps.ResolveChangesStep.executeMutable(ResolveChangesStep.java:34)
	at org.gradle.internal.execution.steps.MutableStep.execute(MutableStep.java:25)
	at org.gradle.internal.execution.steps.ValidateStep.execute(ValidateStep.java:64)
	at org.gradle.internal.execution.steps.ValidateStep.execute(ValidateStep.java:42)
	at org.gradle.internal.execution.steps.AbstractCaptureStateBeforeExecutionStep.execute(AbstractCaptureStateBeforeExecutionStep.java:77)
	at org.gradle.internal.execution.steps.AbstractCaptureStateBeforeExecutionStep.execute(AbstractCaptureStateBeforeExecutionStep.java:46)
	at org.gradle.internal.execution.steps.AbstractSkipEmptyWorkStep.executeWithNonEmptySources(AbstractSkipEmptyWorkStep.java:133)
	at org.gradle.internal.execution.steps.AbstractSkipEmptyWorkStep.execute(AbstractSkipEmptyWorkStep.java:64)
	at org.gradle.internal.execution.steps.AbstractSkipEmptyWorkStep.execute(AbstractSkipEmptyWorkStep.java:36)
	at org.gradle.internal.execution.steps.legacy.MarkSnapshottingInputsStartedStep.execute(MarkSnapshottingInputsStartedStep.java:38)
	at org.gradle.internal.execution.steps.LoadPreviousExecutionStateStep.execute(LoadPreviousExecutionStateStep.java:36)
	at org.gradle.internal.execution.steps.LoadPreviousExecutionStateStep.execute(LoadPreviousExecutionStateStep.java:23)
	at org.gradle.internal.execution.steps.HandleStaleOutputsStep.executeMutable(HandleStaleOutputsStep.java:77)
	at org.gradle.internal.execution.steps.HandleStaleOutputsStep.executeMutable(HandleStaleOutputsStep.java:43)
	at org.gradle.internal.execution.steps.MutableStep.execute(MutableStep.java:25)
	at org.gradle.internal.execution.steps.AssignMutableWorkspaceStep.lambda$execute$0(AssignMutableWorkspaceStep.java:35)
	at org.gradle.api.internal.tasks.execution.TaskExecution$4.withWorkspace(TaskExecution.java:305)
	at org.gradle.internal.execution.steps.AssignMutableWorkspaceStep.execute(AssignMutableWorkspaceStep.java:31)
	at org.gradle.internal.execution.steps.AssignMutableWorkspaceStep.execute(AssignMutableWorkspaceStep.java:22)
	at org.gradle.internal.execution.steps.ChoosePipelineStep.execute(ChoosePipelineStep.java:40)
	at org.gradle.internal.execution.steps.ChoosePipelineStep.execute(ChoosePipelineStep.java:23)
	at org.gradle.internal.execution.steps.ExecuteWorkBuildOperationFiringStep.lambda$execute$2(ExecuteWorkBuildOperationFiringStep.java:67)
	at org.gradle.internal.execution.steps.ExecuteWorkBuildOperationFiringStep.execute(ExecuteWorkBuildOperationFiringStep.java:67)
	at org.gradle.internal.execution.steps.ExecuteWorkBuildOperationFiringStep.execute(ExecuteWorkBuildOperationFiringStep.java:39)
	at org.gradle.internal.execution.steps.IdentityCacheStep.execute(IdentityCacheStep.java:46)
	at org.gradle.internal.execution.steps.IdentityCacheStep.execute(IdentityCacheStep.java:34)
	at org.gradle.internal.execution.steps.IdentifyStep.execute(IdentifyStep.java:44)
	at org.gradle.internal.execution.steps.IdentifyStep.execute(IdentifyStep.java:31)
	at org.gradle.internal.execution.impl.DefaultExecutionEngine$1.execute(DefaultExecutionEngine.java:68)
	at org.gradle.api.internal.tasks.execution.ExecuteActionsTaskExecuter.executeIfValid(ExecuteActionsTaskExecuter.java:132)
	... 61 more


Deprecated Gradle features were used in this build, making it incompatible with Gradle 10.

You can use '--warning-mode all' to show the individual deprecation warnings and determine if they come from your own scripts or plugins.

For more on this, please refer to https://docs.gradle.org/9.3.1/userguide/command_line_interface.html#sec:command_line_warnings in the Gradle documentation.

BUILD FAILED in 1m 4s
63 actionable tasks: 6 executed, 57 up-to-date
RESOURCE_OBSERVATION {"admission_gate": "disabled_by_user_2026-08-28", "disk_available_bytes": 5368221696, "gradle_label": "standard", "inode_available": 2339084, "mem_available_bytes": 1380528128, "swap_free_bytes": 282808320, "telemetry_errors": []}
NOTIFY_REUSED {"at": "2026-10-01T23:08:05+08:00", "details": {"current_gate": "verifying", "exit": 1}, "event": "abnormality", "next_action": "Run the fail command with evidence/root cause/remediation before any retry.", "notification_id": "3000ba14f4d65d31ed9383dd1be5aaffb4a721705b94aadbd76f0ff1242c764a", "task_id": "MMD-U2-API-TYPED-ATOMIC-FOLLOWUP-V1-SOURCE-20261001"}
