GRADLE_LOCK_ACQUIRED task=MMD-U2-DISCUSSION-INSPECT-CLOSURE-PREP-20261001 pid=2948571
Picked up JAVA_TOOL_OPTIONS: -XX:-UseJVMCICompiler
Initialized native services in: /root/.gradle/native
Initialized jansi services in: /root/.gradle/native
To honour the JVM settings for this build a single-use Daemon process will be forked. For more on this, please refer to https://docs.gradle.org/9.3.1/userguide/gradle_daemon.html#sec:disabling_the_daemon in the Gradle documentation.
Starting process 'Gradle build daemon'. Working directory: /root/.gradle/daemon/9.3.1 Command: /home/isp/apps/jdk21/bin/java --add-opens=java.base/java.lang=ALL-UNNAMED --add-opens=java.base/java.lang.invoke=ALL-UNNAMED --add-opens=java.base/java.util=ALL-UNNAMED --add-opens=java.prefs/java.util.prefs=ALL-UNNAMED --add-exports=jdk.compiler/com.sun.tools.javac.api=ALL-UNNAMED --add-exports=jdk.compiler/com.sun.tools.javac.util=ALL-UNNAMED --add-opens=java.base/java.util=ALL-UNNAMED --add-opens=java.prefs/java.util.prefs=ALL-UNNAMED --add-opens=java.base/java.nio.charset=ALL-UNNAMED --add-opens=java.base/java.net=ALL-UNNAMED --add-opens=java.base/java.util.concurrent=ALL-UNNAMED --add-opens=java.base/java.util.concurrent.atomic=ALL-UNNAMED --add-opens=java.xml/javax.xml.namespace=ALL-UNNAMED --add-opens=java.base/java.time=ALL-UNNAMED -XX:MaxMetaspaceSize=256m -XX:+UseSerialGC -XX:ActiveProcessorCount=2 -Xss256k -Xmx512m -Dfile.encoding=UTF-8 -Duser.country=CN -Duser.language=zh -Duser.variant -cp /root/.gradle/wrapper/dists/gradle-9.3.1-bin/e6fpmcitnr2cbhj7h6pdk7btv/gradle-9.3.1/lib/gradle-daemon-main-9.3.1.jar -javaagent:/root/.gradle/wrapper/dists/gradle-9.3.1-bin/e6fpmcitnr2cbhj7h6pdk7btv/gradle-9.3.1/lib/agents/gradle-instrumentation-agent-9.3.1.jar org.gradle.launcher.daemon.bootstrap.GradleDaemon 9.3.1
Successfully started process 'Gradle build daemon'
An attempt to start the daemon took 2.507 secs.
The client will now receive all logging from the daemon (pid: 2948636). The daemon log file: /root/.gradle/daemon/9.3.1/daemon-2948636.out.log
Daemon will be stopped at the end of the build 
Using 1 worker leases.
Operational build model parameters: {requiresToolingModels=false, parallelProjectExecution=false, configureOnDemand=false, configurationCache=false, configurationCacheParallelStore=false, configurationCacheParallelLoad=true, isolatedProjects=false, parallelProjectConfiguration=false, intermediateModelCache=false, parallelToolingApiActions=false, invalidateCoupledProjects=false, modelAsProjectDependency=false, resilientModelBuilding=false}
Received JVM installation metadata from '/home/isp/apps/jdk21': {JAVA_HOME=/home/isp/apps/jdk21, JAVA_VERSION=21.0.8, JAVA_VENDOR=Oracle Corporation, RUNTIME_NAME=Java(TM) SE Runtime Environment, RUNTIME_VERSION=21.0.8+12-LTS-jvmci-23.1-b72, VM_NAME=Java HotSpot(TM) 64-Bit Server VM, VM_VERSION=21.0.8+12-LTS-jvmci-23.1-b72, VM_VENDOR=Oracle Corporation, OS_ARCH=amd64}
Watching the file system is configured to be enabled if available
Now considering [/home/isp/wsps/cyf/.worktrees/juyiting-multimedia-deliberation-20260928/api-inspection-owner-20261002] as hierarchies to watch
File system watching is active
Starting Build
Resolved plugin [id: 'cn.jia.jia-dependency-management', version: '1.1.2-SNAPSHOT']
Settings evaluated using settings file '/home/isp/wsps/cyf/.worktrees/juyiting-multimedia-deliberation-20260928/api-inspection-owner-20261002/settings.gradle'.
Projects loaded. Root project using build file '/home/isp/wsps/cyf/.worktrees/juyiting-multimedia-deliberation-20260928/api-inspection-owner-20261002/build.gradle'.
Included projects: [root project 'jia', project ':agent', project ':base', project ':chat', project ':common', project ':dwz', project ':economy', project ':isp', project ':kefu', project ':material', project ':oauth', project ':point', project ':sms', project ':starter', project ':task', project ':user', project ':workflow', project ':wx', project ':agent:jia-agent-api', project ':agent:jia-agent-core', project ':agent:jia-agent-mapper', project ':agent:jia-agent-service', project ':base:jia-base-api', project ':base:jia-base-core', project ':base:jia-base-mapper', project ':base:jia-base-service', project ':base:jia-base-starter', project ':chat:jia-chat-api', project ':chat:jia-chat-core', project ':chat:jia-chat-mapper', project ':chat:jia-chat-service', project ':chat:jia-chat-starter', project ':common:jia-common-api', project ':common:jia-common-core', project ':common:jia-common-mapper', project ':common:jia-common-service', project ':common:jia-common-starter', project ':common:jia-common-test', project ':dwz:jia-dwz-api', project ':dwz:jia-dwz-core', project ':dwz:jia-dwz-mapper', project ':dwz:jia-dwz-service', project ':dwz:jia-dwz-starter', project ':economy:jia-economy-api', project ':economy:jia-economy-core', project ':economy:jia-economy-mapper', project ':economy:jia-economy-service', project ':isp:jia-isp-api', project ':isp:jia-isp-core', project ':isp:jia-isp-mapper', project ':isp:jia-isp-service', project ':isp:jia-isp-starter', project ':kefu:jia-kefu-api', project ':kefu:jia-kefu-core', project ':kefu:jia-kefu-mapper', project ':kefu:jia-kefu-service', project ':material:jia-material-api', project ':material:jia-material-core', project ':material:jia-material-mapper', project ':material:jia-material-service', project ':material:jia-material-starter', project ':oauth:jia-oauth-api', project ':oauth:jia-oauth-client-starter', project ':oauth:jia-oauth-core', project ':oauth:jia-oauth-mapper', project ':oauth:jia-oauth-resource', project ':oauth:jia-oauth-resource-starter', project ':oauth:jia-oauth-server-starter', project ':oauth:jia-oauth-service', project ':point:jia-point-api', project ':point:jia-point-core', project ':point:jia-point-mapper', project ':point:jia-point-service', project ':sms:jia-sms-api', project ':sms:jia-sms-core', project ':sms:jia-sms-mapper', project ':sms:jia-sms-service', project ':sms:jia-sms-starter', project ':task:jia-task-api', project ':task:jia-task-core', project ':task:jia-task-mapper', project ':task:jia-task-service', project ':task:jia-task-starter', project ':user:jia-user-api', project ':user:jia-user-core', project ':user:jia-user-mapper', project ':user:jia-user-service', project ':user:jia-user-starter', project ':workflow:jia-workflow-api', project ':workflow:jia-workflow-core', project ':workflow:jia-workflow-service', project ':workflow:jia-workflow-starter', project ':wx:jia-wx-api', project ':wx:jia-wx-core', project ':wx:jia-wx-mapper', project ':wx:jia-wx-service']

> Configure project :
Evaluating root project 'jia' using build file '/home/isp/wsps/cyf/.worktrees/juyiting-multimedia-deliberation-20260928/api-inspection-owner-20261002/build.gradle'.

> Configure project :agent
Evaluating project ':agent' using build file '/home/isp/wsps/cyf/.worktrees/juyiting-multimedia-deliberation-20260928/api-inspection-owner-20261002/agent/build.gradle'.

> Configure project :base
Evaluating project ':base' using build file '/home/isp/wsps/cyf/.worktrees/juyiting-multimedia-deliberation-20260928/api-inspection-owner-20261002/base/build.gradle'.

> Configure project :chat
Evaluating project ':chat' using build file '/home/isp/wsps/cyf/.worktrees/juyiting-multimedia-deliberation-20260928/api-inspection-owner-20261002/chat/build.gradle'.

> Configure project :common
Evaluating project ':common' using build file '/home/isp/wsps/cyf/.worktrees/juyiting-multimedia-deliberation-20260928/api-inspection-owner-20261002/common/build.gradle'.

> Configure project :dwz
Evaluating project ':dwz' using build file '/home/isp/wsps/cyf/.worktrees/juyiting-multimedia-deliberation-20260928/api-inspection-owner-20261002/dwz/build.gradle'.

> Configure project :economy
Evaluating project ':economy' using build file '/home/isp/wsps/cyf/.worktrees/juyiting-multimedia-deliberation-20260928/api-inspection-owner-20261002/economy/build.gradle'.

> Configure project :isp
Evaluating project ':isp' using build file '/home/isp/wsps/cyf/.worktrees/juyiting-multimedia-deliberation-20260928/api-inspection-owner-20261002/isp/build.gradle'.

> Configure project :kefu
Evaluating project ':kefu' using build file '/home/isp/wsps/cyf/.worktrees/juyiting-multimedia-deliberation-20260928/api-inspection-owner-20261002/kefu/build.gradle'.

> Configure project :material
Evaluating project ':material' using build file '/home/isp/wsps/cyf/.worktrees/juyiting-multimedia-deliberation-20260928/api-inspection-owner-20261002/material/build.gradle'.

> Configure project :oauth
Evaluating project ':oauth' using build file '/home/isp/wsps/cyf/.worktrees/juyiting-multimedia-deliberation-20260928/api-inspection-owner-20261002/oauth/build.gradle'.

> Configure project :point
Evaluating project ':point' using build file '/home/isp/wsps/cyf/.worktrees/juyiting-multimedia-deliberation-20260928/api-inspection-owner-20261002/point/build.gradle'.

> Configure project :sms
Evaluating project ':sms' using build file '/home/isp/wsps/cyf/.worktrees/juyiting-multimedia-deliberation-20260928/api-inspection-owner-20261002/sms/build.gradle'.

> Configure project :starter
Evaluating project ':starter' using build file '/home/isp/wsps/cyf/.worktrees/juyiting-multimedia-deliberation-20260928/api-inspection-owner-20261002/starter/build.gradle'.
Resolved plugin [id: 'org.springframework.boot', version: '4.0.1']

> Configure project :task
Evaluating project ':task' using build file '/home/isp/wsps/cyf/.worktrees/juyiting-multimedia-deliberation-20260928/api-inspection-owner-20261002/task/build.gradle'.
Resolved plugin [id: 'java-library']

> Configure project :user
Evaluating project ':user' using build file '/home/isp/wsps/cyf/.worktrees/juyiting-multimedia-deliberation-20260928/api-inspection-owner-20261002/user/build.gradle'.

> Configure project :workflow
Evaluating project ':workflow' using build file '/home/isp/wsps/cyf/.worktrees/juyiting-multimedia-deliberation-20260928/api-inspection-owner-20261002/workflow/build.gradle'.

> Configure project :wx
Evaluating project ':wx' using build file '/home/isp/wsps/cyf/.worktrees/juyiting-multimedia-deliberation-20260928/api-inspection-owner-20261002/wx/build.gradle'.

> Configure project :agent:jia-agent-api
Evaluating project ':agent:jia-agent-api' using build file '/home/isp/wsps/cyf/.worktrees/juyiting-multimedia-deliberation-20260928/api-inspection-owner-20261002/agent/jia-agent-api/build.gradle'.

> Configure project :agent:jia-agent-core
Evaluating project ':agent:jia-agent-core' using build file '/home/isp/wsps/cyf/.worktrees/juyiting-multimedia-deliberation-20260928/api-inspection-owner-20261002/agent/jia-agent-core/build.gradle'.

> Configure project :agent:jia-agent-mapper
Evaluating project ':agent:jia-agent-mapper' using build file '/home/isp/wsps/cyf/.worktrees/juyiting-multimedia-deliberation-20260928/api-inspection-owner-20261002/agent/jia-agent-mapper/build.gradle'.

> Configure project :agent:jia-agent-service
Evaluating project ':agent:jia-agent-service' using build file '/home/isp/wsps/cyf/.worktrees/juyiting-multimedia-deliberation-20260928/api-inspection-owner-20261002/agent/jia-agent-service/build.gradle'.

> Configure project :base:jia-base-api
Evaluating project ':base:jia-base-api' using build file '/home/isp/wsps/cyf/.worktrees/juyiting-multimedia-deliberation-20260928/api-inspection-owner-20261002/base/jia-base-api/build.gradle'.

> Configure project :base:jia-base-core
Evaluating project ':base:jia-base-core' using build file '/home/isp/wsps/cyf/.worktrees/juyiting-multimedia-deliberation-20260928/api-inspection-owner-20261002/base/jia-base-core/build.gradle'.

> Configure project :base:jia-base-mapper
Evaluating project ':base:jia-base-mapper' using build file '/home/isp/wsps/cyf/.worktrees/juyiting-multimedia-deliberation-20260928/api-inspection-owner-20261002/base/jia-base-mapper/build.gradle'.

> Configure project :base:jia-base-service
Evaluating project ':base:jia-base-service' using build file '/home/isp/wsps/cyf/.worktrees/juyiting-multimedia-deliberation-20260928/api-inspection-owner-20261002/base/jia-base-service/build.gradle'.

> Configure project :base:jia-base-starter
Evaluating project ':base:jia-base-starter' using build file '/home/isp/wsps/cyf/.worktrees/juyiting-multimedia-deliberation-20260928/api-inspection-owner-20261002/base/jia-base-starter/build.gradle'.

> Configure project :chat:jia-chat-api
Evaluating project ':chat:jia-chat-api' using build file '/home/isp/wsps/cyf/.worktrees/juyiting-multimedia-deliberation-20260928/api-inspection-owner-20261002/chat/jia-chat-api/build.gradle'.

> Configure project :chat:jia-chat-core
Evaluating project ':chat:jia-chat-core' using build file '/home/isp/wsps/cyf/.worktrees/juyiting-multimedia-deliberation-20260928/api-inspection-owner-20261002/chat/jia-chat-core/build.gradle'.

> Configure project :chat:jia-chat-mapper
Evaluating project ':chat:jia-chat-mapper' using build file '/home/isp/wsps/cyf/.worktrees/juyiting-multimedia-deliberation-20260928/api-inspection-owner-20261002/chat/jia-chat-mapper/build.gradle'.

> Configure project :chat:jia-chat-service
Evaluating project ':chat:jia-chat-service' using build file '/home/isp/wsps/cyf/.worktrees/juyiting-multimedia-deliberation-20260928/api-inspection-owner-20261002/chat/jia-chat-service/build.gradle'.
Caching disabled for Groovy DSL script compilation (cp_proj) because:
  Build cache is disabled
  Not worth caching.
Compiling build file '/home/isp/wsps/cyf/.worktrees/juyiting-multimedia-deliberation-20260928/api-inspection-owner-20261002/chat/jia-chat-service/build.gradle' using SubsetScriptTransformer.
Caching disabled for Groovy DSL script compilation (proj) because:
  Build cache is disabled
  Not worth caching.
Compiling build file '/home/isp/wsps/cyf/.worktrees/juyiting-multimedia-deliberation-20260928/api-inspection-owner-20261002/chat/jia-chat-service/build.gradle' using BuildScriptTransformer.

> Configure project :chat:jia-chat-starter
Evaluating project ':chat:jia-chat-starter' using build file '/home/isp/wsps/cyf/.worktrees/juyiting-multimedia-deliberation-20260928/api-inspection-owner-20261002/chat/jia-chat-starter/build.gradle'.

> Configure project :common:jia-common-api
Evaluating project ':common:jia-common-api' using build file '/home/isp/wsps/cyf/.worktrees/juyiting-multimedia-deliberation-20260928/api-inspection-owner-20261002/common/jia-common-api/build.gradle'.

> Configure project :common:jia-common-core
Evaluating project ':common:jia-common-core' using build file '/home/isp/wsps/cyf/.worktrees/juyiting-multimedia-deliberation-20260928/api-inspection-owner-20261002/common/jia-common-core/build.gradle'.

> Configure project :common:jia-common-mapper
Evaluating project ':common:jia-common-mapper' using build file '/home/isp/wsps/cyf/.worktrees/juyiting-multimedia-deliberation-20260928/api-inspection-owner-20261002/common/jia-common-mapper/build.gradle'.

> Configure project :common:jia-common-service
Evaluating project ':common:jia-common-service' using build file '/home/isp/wsps/cyf/.worktrees/juyiting-multimedia-deliberation-20260928/api-inspection-owner-20261002/common/jia-common-service/build.gradle'.

> Configure project :common:jia-common-starter
Evaluating project ':common:jia-common-starter' using build file '/home/isp/wsps/cyf/.worktrees/juyiting-multimedia-deliberation-20260928/api-inspection-owner-20261002/common/jia-common-starter/build.gradle'.

> Configure project :common:jia-common-test
Evaluating project ':common:jia-common-test' using build file '/home/isp/wsps/cyf/.worktrees/juyiting-multimedia-deliberation-20260928/api-inspection-owner-20261002/common/jia-common-test/build.gradle'.

> Configure project :dwz:jia-dwz-api
Evaluating project ':dwz:jia-dwz-api' using build file '/home/isp/wsps/cyf/.worktrees/juyiting-multimedia-deliberation-20260928/api-inspection-owner-20261002/dwz/jia-dwz-api/build.gradle'.

> Configure project :dwz:jia-dwz-core
Evaluating project ':dwz:jia-dwz-core' using build file '/home/isp/wsps/cyf/.worktrees/juyiting-multimedia-deliberation-20260928/api-inspection-owner-20261002/dwz/jia-dwz-core/build.gradle'.

> Configure project :dwz:jia-dwz-mapper
Evaluating project ':dwz:jia-dwz-mapper' using build file '/home/isp/wsps/cyf/.worktrees/juyiting-multimedia-deliberation-20260928/api-inspection-owner-20261002/dwz/jia-dwz-mapper/build.gradle'.

> Configure project :dwz:jia-dwz-service
Evaluating project ':dwz:jia-dwz-service' using build file '/home/isp/wsps/cyf/.worktrees/juyiting-multimedia-deliberation-20260928/api-inspection-owner-20261002/dwz/jia-dwz-service/build.gradle'.

> Configure project :dwz:jia-dwz-starter
Evaluating project ':dwz:jia-dwz-starter' using build file '/home/isp/wsps/cyf/.worktrees/juyiting-multimedia-deliberation-20260928/api-inspection-owner-20261002/dwz/jia-dwz-starter/build.gradle'.

> Configure project :economy:jia-economy-api
Evaluating project ':economy:jia-economy-api' using build file '/home/isp/wsps/cyf/.worktrees/juyiting-multimedia-deliberation-20260928/api-inspection-owner-20261002/economy/jia-economy-api/build.gradle'.

> Configure project :economy:jia-economy-core
Evaluating project ':economy:jia-economy-core' using build file '/home/isp/wsps/cyf/.worktrees/juyiting-multimedia-deliberation-20260928/api-inspection-owner-20261002/economy/jia-economy-core/build.gradle'.

> Configure project :economy:jia-economy-mapper
Evaluating project ':economy:jia-economy-mapper' using build file '/home/isp/wsps/cyf/.worktrees/juyiting-multimedia-deliberation-20260928/api-inspection-owner-20261002/economy/jia-economy-mapper/build.gradle'.

> Configure project :economy:jia-economy-service
Evaluating project ':economy:jia-economy-service' using build file '/home/isp/wsps/cyf/.worktrees/juyiting-multimedia-deliberation-20260928/api-inspection-owner-20261002/economy/jia-economy-service/build.gradle'.

> Configure project :isp:jia-isp-api
Evaluating project ':isp:jia-isp-api' using build file '/home/isp/wsps/cyf/.worktrees/juyiting-multimedia-deliberation-20260928/api-inspection-owner-20261002/isp/jia-isp-api/build.gradle'.

> Configure project :isp:jia-isp-core
Evaluating project ':isp:jia-isp-core' using build file '/home/isp/wsps/cyf/.worktrees/juyiting-multimedia-deliberation-20260928/api-inspection-owner-20261002/isp/jia-isp-core/build.gradle'.

> Configure project :isp:jia-isp-mapper
Evaluating project ':isp:jia-isp-mapper' using build file '/home/isp/wsps/cyf/.worktrees/juyiting-multimedia-deliberation-20260928/api-inspection-owner-20261002/isp/jia-isp-mapper/build.gradle'.

> Configure project :isp:jia-isp-service
Evaluating project ':isp:jia-isp-service' using build file '/home/isp/wsps/cyf/.worktrees/juyiting-multimedia-deliberation-20260928/api-inspection-owner-20261002/isp/jia-isp-service/build.gradle'.

> Configure project :isp:jia-isp-starter
Evaluating project ':isp:jia-isp-starter' using build file '/home/isp/wsps/cyf/.worktrees/juyiting-multimedia-deliberation-20260928/api-inspection-owner-20261002/isp/jia-isp-starter/build.gradle'.

> Configure project :kefu:jia-kefu-api
Evaluating project ':kefu:jia-kefu-api' using build file '/home/isp/wsps/cyf/.worktrees/juyiting-multimedia-deliberation-20260928/api-inspection-owner-20261002/kefu/jia-kefu-api/build.gradle'.

> Configure project :kefu:jia-kefu-core
Evaluating project ':kefu:jia-kefu-core' using build file '/home/isp/wsps/cyf/.worktrees/juyiting-multimedia-deliberation-20260928/api-inspection-owner-20261002/kefu/jia-kefu-core/build.gradle'.

> Configure project :kefu:jia-kefu-mapper
Evaluating project ':kefu:jia-kefu-mapper' using build file '/home/isp/wsps/cyf/.worktrees/juyiting-multimedia-deliberation-20260928/api-inspection-owner-20261002/kefu/jia-kefu-mapper/build.gradle'.

> Configure project :kefu:jia-kefu-service
Evaluating project ':kefu:jia-kefu-service' using build file '/home/isp/wsps/cyf/.worktrees/juyiting-multimedia-deliberation-20260928/api-inspection-owner-20261002/kefu/jia-kefu-service/build.gradle'.

> Configure project :material:jia-material-api
Evaluating project ':material:jia-material-api' using build file '/home/isp/wsps/cyf/.worktrees/juyiting-multimedia-deliberation-20260928/api-inspection-owner-20261002/material/jia-material-api/build.gradle'.

> Configure project :material:jia-material-core
Evaluating project ':material:jia-material-core' using build file '/home/isp/wsps/cyf/.worktrees/juyiting-multimedia-deliberation-20260928/api-inspection-owner-20261002/material/jia-material-core/build.gradle'.

> Configure project :material:jia-material-mapper
Evaluating project ':material:jia-material-mapper' using build file '/home/isp/wsps/cyf/.worktrees/juyiting-multimedia-deliberation-20260928/api-inspection-owner-20261002/material/jia-material-mapper/build.gradle'.

> Configure project :material:jia-material-service
Evaluating project ':material:jia-material-service' using build file '/home/isp/wsps/cyf/.worktrees/juyiting-multimedia-deliberation-20260928/api-inspection-owner-20261002/material/jia-material-service/build.gradle'.

> Configure project :material:jia-material-starter
Evaluating project ':material:jia-material-starter' using build file '/home/isp/wsps/cyf/.worktrees/juyiting-multimedia-deliberation-20260928/api-inspection-owner-20261002/material/jia-material-starter/build.gradle'.

> Configure project :oauth:jia-oauth-api
Evaluating project ':oauth:jia-oauth-api' using build file '/home/isp/wsps/cyf/.worktrees/juyiting-multimedia-deliberation-20260928/api-inspection-owner-20261002/oauth/jia-oauth-api/build.gradle'.

> Configure project :oauth:jia-oauth-client-starter
Evaluating project ':oauth:jia-oauth-client-starter' using build file '/home/isp/wsps/cyf/.worktrees/juyiting-multimedia-deliberation-20260928/api-inspection-owner-20261002/oauth/jia-oauth-client-starter/build.gradle'.

> Configure project :oauth:jia-oauth-core
Evaluating project ':oauth:jia-oauth-core' using build file '/home/isp/wsps/cyf/.worktrees/juyiting-multimedia-deliberation-20260928/api-inspection-owner-20261002/oauth/jia-oauth-core/build.gradle'.

> Configure project :oauth:jia-oauth-mapper
Evaluating project ':oauth:jia-oauth-mapper' using build file '/home/isp/wsps/cyf/.worktrees/juyiting-multimedia-deliberation-20260928/api-inspection-owner-20261002/oauth/jia-oauth-mapper/build.gradle'.

> Configure project :oauth:jia-oauth-resource
Evaluating project ':oauth:jia-oauth-resource' using build file '/home/isp/wsps/cyf/.worktrees/juyiting-multimedia-deliberation-20260928/api-inspection-owner-20261002/oauth/jia-oauth-resource/build.gradle'.

> Configure project :oauth:jia-oauth-resource-starter
Evaluating project ':oauth:jia-oauth-resource-starter' using build file '/home/isp/wsps/cyf/.worktrees/juyiting-multimedia-deliberation-20260928/api-inspection-owner-20261002/oauth/jia-oauth-resource-starter/build.gradle'.

> Configure project :oauth:jia-oauth-server-starter
Evaluating project ':oauth:jia-oauth-server-starter' using build file '/home/isp/wsps/cyf/.worktrees/juyiting-multimedia-deliberation-20260928/api-inspection-owner-20261002/oauth/jia-oauth-server-starter/build.gradle'.

> Configure project :oauth:jia-oauth-service
Evaluating project ':oauth:jia-oauth-service' using build file '/home/isp/wsps/cyf/.worktrees/juyiting-multimedia-deliberation-20260928/api-inspection-owner-20261002/oauth/jia-oauth-service/build.gradle'.

> Configure project :point:jia-point-api
Evaluating project ':point:jia-point-api' using build file '/home/isp/wsps/cyf/.worktrees/juyiting-multimedia-deliberation-20260928/api-inspection-owner-20261002/point/jia-point-api/build.gradle'.

> Configure project :point:jia-point-core
Evaluating project ':point:jia-point-core' using build file '/home/isp/wsps/cyf/.worktrees/juyiting-multimedia-deliberation-20260928/api-inspection-owner-20261002/point/jia-point-core/build.gradle'.

> Configure project :point:jia-point-mapper
Evaluating project ':point:jia-point-mapper' using build file '/home/isp/wsps/cyf/.worktrees/juyiting-multimedia-deliberation-20260928/api-inspection-owner-20261002/point/jia-point-mapper/build.gradle'.

> Configure project :point:jia-point-service
Evaluating project ':point:jia-point-service' using build file '/home/isp/wsps/cyf/.worktrees/juyiting-multimedia-deliberation-20260928/api-inspection-owner-20261002/point/jia-point-service/build.gradle'.

> Configure project :sms:jia-sms-api
Evaluating project ':sms:jia-sms-api' using build file '/home/isp/wsps/cyf/.worktrees/juyiting-multimedia-deliberation-20260928/api-inspection-owner-20261002/sms/jia-sms-api/build.gradle'.

> Configure project :sms:jia-sms-core
Evaluating project ':sms:jia-sms-core' using build file '/home/isp/wsps/cyf/.worktrees/juyiting-multimedia-deliberation-20260928/api-inspection-owner-20261002/sms/jia-sms-core/build.gradle'.

> Configure project :sms:jia-sms-mapper
Evaluating project ':sms:jia-sms-mapper' using build file '/home/isp/wsps/cyf/.worktrees/juyiting-multimedia-deliberation-20260928/api-inspection-owner-20261002/sms/jia-sms-mapper/build.gradle'.

> Configure project :sms:jia-sms-service
Evaluating project ':sms:jia-sms-service' using build file '/home/isp/wsps/cyf/.worktrees/juyiting-multimedia-deliberation-20260928/api-inspection-owner-20261002/sms/jia-sms-service/build.gradle'.

> Configure project :sms:jia-sms-starter
Evaluating project ':sms:jia-sms-starter' using build file '/home/isp/wsps/cyf/.worktrees/juyiting-multimedia-deliberation-20260928/api-inspection-owner-20261002/sms/jia-sms-starter/build.gradle'.

> Configure project :task:jia-task-api
Evaluating project ':task:jia-task-api' using build file '/home/isp/wsps/cyf/.worktrees/juyiting-multimedia-deliberation-20260928/api-inspection-owner-20261002/task/jia-task-api/build.gradle'.

> Configure project :task:jia-task-core
Evaluating project ':task:jia-task-core' using build file '/home/isp/wsps/cyf/.worktrees/juyiting-multimedia-deliberation-20260928/api-inspection-owner-20261002/task/jia-task-core/build.gradle'.

> Configure project :task:jia-task-mapper
Evaluating project ':task:jia-task-mapper' using build file '/home/isp/wsps/cyf/.worktrees/juyiting-multimedia-deliberation-20260928/api-inspection-owner-20261002/task/jia-task-mapper/build.gradle'.

> Configure project :task:jia-task-service
Evaluating project ':task:jia-task-service' using build file '/home/isp/wsps/cyf/.worktrees/juyiting-multimedia-deliberation-20260928/api-inspection-owner-20261002/task/jia-task-service/build.gradle'.

> Configure project :task:jia-task-starter
Evaluating project ':task:jia-task-starter' using build file '/home/isp/wsps/cyf/.worktrees/juyiting-multimedia-deliberation-20260928/api-inspection-owner-20261002/task/jia-task-starter/build.gradle'.

> Configure project :user:jia-user-api
Evaluating project ':user:jia-user-api' using build file '/home/isp/wsps/cyf/.worktrees/juyiting-multimedia-deliberation-20260928/api-inspection-owner-20261002/user/jia-user-api/build.gradle'.

> Configure project :user:jia-user-core
Evaluating project ':user:jia-user-core' using build file '/home/isp/wsps/cyf/.worktrees/juyiting-multimedia-deliberation-20260928/api-inspection-owner-20261002/user/jia-user-core/build.gradle'.

> Configure project :user:jia-user-mapper
Evaluating project ':user:jia-user-mapper' using build file '/home/isp/wsps/cyf/.worktrees/juyiting-multimedia-deliberation-20260928/api-inspection-owner-20261002/user/jia-user-mapper/build.gradle'.

> Configure project :user:jia-user-service
Evaluating project ':user:jia-user-service' using build file '/home/isp/wsps/cyf/.worktrees/juyiting-multimedia-deliberation-20260928/api-inspection-owner-20261002/user/jia-user-service/build.gradle'.

> Configure project :user:jia-user-starter
Evaluating project ':user:jia-user-starter' using build file '/home/isp/wsps/cyf/.worktrees/juyiting-multimedia-deliberation-20260928/api-inspection-owner-20261002/user/jia-user-starter/build.gradle'.

> Configure project :workflow:jia-workflow-api
Evaluating project ':workflow:jia-workflow-api' using build file '/home/isp/wsps/cyf/.worktrees/juyiting-multimedia-deliberation-20260928/api-inspection-owner-20261002/workflow/jia-workflow-api/build.gradle'.

> Configure project :workflow:jia-workflow-core
Evaluating project ':workflow:jia-workflow-core' using build file '/home/isp/wsps/cyf/.worktrees/juyiting-multimedia-deliberation-20260928/api-inspection-owner-20261002/workflow/jia-workflow-core/build.gradle'.

> Configure project :workflow:jia-workflow-service
Evaluating project ':workflow:jia-workflow-service' using build file '/home/isp/wsps/cyf/.worktrees/juyiting-multimedia-deliberation-20260928/api-inspection-owner-20261002/workflow/jia-workflow-service/build.gradle'.

> Configure project :workflow:jia-workflow-starter
Evaluating project ':workflow:jia-workflow-starter' using build file '/home/isp/wsps/cyf/.worktrees/juyiting-multimedia-deliberation-20260928/api-inspection-owner-20261002/workflow/jia-workflow-starter/build.gradle'.

> Configure project :wx:jia-wx-api
Evaluating project ':wx:jia-wx-api' using build file '/home/isp/wsps/cyf/.worktrees/juyiting-multimedia-deliberation-20260928/api-inspection-owner-20261002/wx/jia-wx-api/build.gradle'.

> Configure project :wx:jia-wx-core
Evaluating project ':wx:jia-wx-core' using build file '/home/isp/wsps/cyf/.worktrees/juyiting-multimedia-deliberation-20260928/api-inspection-owner-20261002/wx/jia-wx-core/build.gradle'.

> Configure project :wx:jia-wx-mapper
Evaluating project ':wx:jia-wx-mapper' using build file '/home/isp/wsps/cyf/.worktrees/juyiting-multimedia-deliberation-20260928/api-inspection-owner-20261002/wx/jia-wx-mapper/build.gradle'.

> Configure project :wx:jia-wx-service
Evaluating project ':wx:jia-wx-service' using build file '/home/isp/wsps/cyf/.worktrees/juyiting-multimedia-deliberation-20260928/api-inspection-owner-20261002/wx/jia-wx-service/build.gradle'.
All projects evaluated.
Task path ':chat:jia-chat-service:mmdU2TypedInspection' matched project ':chat:jia-chat-service'
Task name matched 'mmdU2TypedInspection'
Selected primary task 'mmdU2TypedInspection' from project :chat:jia-chat-service
Tasks to be executed: [task ':common:jia-common-core:compileJava', task ':agent:jia-agent-core:compileJava', task ':common:jia-common-api:compileJava', task ':agent:jia-agent-api:compileJava', task ':agent:jia-agent-api:processResources', task ':agent:jia-agent-api:classes', task ':agent:jia-agent-api:jar', task ':agent:jia-agent-core:processResources', task ':agent:jia-agent-core:classes', task ':agent:jia-agent-core:jar', task ':common:jia-common-mapper:compileJava', task ':agent:jia-agent-mapper:compileJava', task ':agent:jia-agent-mapper:processResources', task ':agent:jia-agent-mapper:classes', task ':agent:jia-agent-mapper:jar', task ':chat:jia-chat-core:compileJava', task ':chat:jia-chat-api:compileJava', task ':common:jia-common-core:processResources', task ':common:jia-common-core:classes', task ':common:jia-common-core:jar', task ':common:jia-common-service:compileJava', task ':economy:jia-economy-core:compileJava', task ':economy:jia-economy-api:compileJava', task ':economy:jia-economy-mapper:compileJava', task ':economy:jia-economy-service:compileJava', task ':oauth:jia-oauth-core:compileJava', task ':oauth:jia-oauth-api:compileJava', task ':task:jia-task-core:compileJava', task ':task:jia-task-api:compileJava', task ':user:jia-user-core:compileJava', task ':user:jia-user-api:compileJava', task ':agent:jia-agent-service:compileJava', task ':agent:jia-agent-service:processResources', task ':agent:jia-agent-service:classes', task ':agent:jia-agent-service:jar', task ':chat:jia-chat-api:processResources', task ':chat:jia-chat-api:classes', task ':chat:jia-chat-api:jar', task ':chat:jia-chat-core:processResources', task ':chat:jia-chat-core:classes', task ':chat:jia-chat-core:jar', task ':chat:jia-chat-mapper:compileJava', task ':chat:jia-chat-mapper:processResources', task ':chat:jia-chat-mapper:classes', task ':chat:jia-chat-mapper:jar', task ':kefu:jia-kefu-core:compileJava', task ':kefu:jia-kefu-api:compileJava', task ':material:jia-material-core:compileJava', task ':material:jia-material-api:compileJava', task ':point:jia-point-core:compileJava', task ':point:jia-point-api:compileJava', task ':chat:jia-chat-service:compileJava', task ':chat:jia-chat-service:processResources', task ':chat:jia-chat-service:classes', task ':chat:jia-chat-service:compileMmdU2TypedInspectionJava', task ':chat:jia-chat-service:processMmdU2TypedInspectionResources', task ':chat:jia-chat-service:mmdU2TypedInspectionClasses', task ':common:jia-common-api:processResources', task ':common:jia-common-api:classes', task ':common:jia-common-api:jar', task ':common:jia-common-mapper:processResources', task ':common:jia-common-mapper:classes', task ':common:jia-common-mapper:jar', task ':common:jia-common-service:processResources', task ':common:jia-common-service:classes', task ':common:jia-common-service:jar', task ':economy:jia-economy-api:processResources', task ':economy:jia-economy-api:classes', task ':economy:jia-economy-api:jar', task ':economy:jia-economy-core:processResources', task ':economy:jia-economy-core:classes', task ':economy:jia-economy-core:jar', task ':economy:jia-economy-mapper:processResources', task ':economy:jia-economy-mapper:classes', task ':economy:jia-economy-mapper:jar', task ':economy:jia-economy-service:processResources', task ':economy:jia-economy-service:classes', task ':economy:jia-economy-service:jar', task ':oauth:jia-oauth-api:processResources', task ':oauth:jia-oauth-api:classes', task ':oauth:jia-oauth-api:jar', task ':oauth:jia-oauth-core:processResources', task ':oauth:jia-oauth-core:classes', task ':oauth:jia-oauth-core:jar', task ':task:jia-task-api:processResources', task ':task:jia-task-api:classes', task ':task:jia-task-api:jar', task ':task:jia-task-core:processResources', task ':task:jia-task-core:classes', task ':task:jia-task-core:jar', task ':user:jia-user-api:processResources', task ':user:jia-user-api:classes', task ':user:jia-user-api:jar', task ':user:jia-user-core:processResources', task ':user:jia-user-core:classes', task ':user:jia-user-core:jar', task ':chat:jia-chat-service:mmdU2TypedInspection']
Tasks that were excluded: []
Resolve mutations for :common:jia-common-core:compileJava (Thread[#48,included builds,5,main]) started.
:common:jia-common-core:compileJava (Thread[#48,included builds,5,main]) started.

> Task :common:jia-common-core:compileJava
Caching disabled for task ':common:jia-common-core:compileJava' because:
  Build cache is disabled
Task ':common:jia-common-core:compileJava' is not up-to-date because:
  No history is available.
The input changes require a full rebuild for incremental task ':common:jia-common-core:compileJava'.
Compilation mode: in-process compilation
Full recompilation is required because no incremental change information is available. This is usually caused by clean builds or changing compiler arguments.
Compiling with toolchain '/home/isp/apps/jdk21'.
Compiling with JDK Java compiler API.
注: 某些输入文件使用或覆盖了已过时的 API。
注: 有关详细信息, 请使用 -Xlint:deprecation 重新编译。
注: 某些输入文件使用了未经检查或不安全的操作。
注: 有关详细信息, 请使用 -Xlint:unchecked 重新编译。
Class dependency analysis for incremental compilation took 0.265 secs.
Created classpath snapshot for incremental compilation in 0.408 secs.
work action resolve main (project :common:jia-common-core) (Thread[#48,included builds,5,main]) started.
Resolve mutations for :agent:jia-agent-core:compileJava (Thread[#48,included builds,5,main]) started.
:agent:jia-agent-core:compileJava (Thread[#48,included builds,5,main]) started.

> Task :agent:jia-agent-core:compileJava
Caching disabled for task ':agent:jia-agent-core:compileJava' because:
  Build cache is disabled
Task ':agent:jia-agent-core:compileJava' is not up-to-date because:
  No history is available.
The input changes require a full rebuild for incremental task ':agent:jia-agent-core:compileJava'.
Compilation mode: in-process compilation
Full recompilation is required because no incremental change information is available. This is usually caused by clean builds or changing compiler arguments.
Compiling with toolchain '/home/isp/apps/jdk21'.
Compiling with JDK Java compiler API.
警告: 未知的枚举常量 JdbcType.UNDEFINED
  原因: 找不到org.apache.ibatis.type.JdbcType的类文件
/home/isp/wsps/cyf/.worktrees/juyiting-multimedia-deliberation-20260928/api-inspection-owner-20261002/agent/jia-agent-core/src/main/java/cn/jia/agent/entity/AgentTaskContextPackDTO.java:49: 警告: Generating equals/hashCode implementation but without a call to superclass, even though this class does not extend java.lang.Object. If this is intentional, add '@EqualsAndHashCode(callSuper=false)' to your type.
    @Data
    ^
/home/isp/wsps/cyf/.worktrees/juyiting-multimedia-deliberation-20260928/api-inspection-owner-20261002/agent/jia-agent-core/src/main/java/cn/jia/agent/entity/AgentTaskContextPackDTO.java:57: 警告: Generating equals/hashCode implementation but without a call to superclass, even though this class does not extend java.lang.Object. If this is intentional, add '@EqualsAndHashCode(callSuper=false)' to your type.
    @Data
    ^
/home/isp/wsps/cyf/.worktrees/juyiting-multimedia-deliberation-20260928/api-inspection-owner-20261002/agent/jia-agent-core/src/main/java/cn/jia/agent/entity/AgentTaskContextPackDTO.java:70: 警告: Generating equals/hashCode implementation but without a call to superclass, even though this class does not extend java.lang.Object. If this is intentional, add '@EqualsAndHashCode(callSuper=false)' to your type.
    @Data
    ^
/home/isp/wsps/cyf/.worktrees/juyiting-multimedia-deliberation-20260928/api-inspection-owner-20261002/agent/jia-agent-core/src/main/java/cn/jia/agent/entity/AgentTaskContextPackDTO.java:92: 警告: Generating equals/hashCode implementation but without a call to superclass, even though this class does not extend java.lang.Object. If this is intentional, add '@EqualsAndHashCode(callSuper=false)' to your type.
    @Data
    ^
/home/isp/wsps/cyf/.worktrees/juyiting-multimedia-deliberation-20260928/api-inspection-owner-20261002/agent/jia-agent-core/src/main/java/cn/jia/agent/entity/AgentTaskContextPackDTO.java:116: 警告: Generating equals/hashCode implementation but without a call to superclass, even though this class does not extend java.lang.Object. If this is intentional, add '@EqualsAndHashCode(callSuper=false)' to your type.
    @Data
    ^
/home/isp/wsps/cyf/.worktrees/juyiting-multimedia-deliberation-20260928/api-inspection-owner-20261002/agent/jia-agent-core/src/main/java/cn/jia/agent/entity/AgentTaskContextPackDTO.java:139: 警告: Generating equals/hashCode implementation but without a call to superclass, even though this class does not extend java.lang.Object. If this is intentional, add '@EqualsAndHashCode(callSuper=false)' to your type.
    @Data
    ^
/home/isp/wsps/cyf/.worktrees/juyiting-multimedia-deliberation-20260928/api-inspection-owner-20261002/agent/jia-agent-core/src/main/java/cn/jia/agent/entity/AgentTaskContextPackDTO.java:162: 警告: Generating equals/hashCode implementation but without a call to superclass, even though this class does not extend java.lang.Object. If this is intentional, add '@EqualsAndHashCode(callSuper=false)' to your type.
    @Data
    ^
警告: 未知的枚举常量 JdbcType.UNDEFINED
  原因: 找不到org.apache.ibatis.type.JdbcType的类文件
警告: 未知的枚举常量 JdbcType.UNDEFINED
  原因: 找不到org.apache.ibatis.type.JdbcType的类文件
警告: 未知的枚举常量 JdbcType.UNDEFINED
  原因: 找不到org.apache.ibatis.type.JdbcType的类文件
警告: 未知的枚举常量 JdbcType.UNDEFINED
  原因: 找不到org.apache.ibatis.type.JdbcType的类文件
注: /home/isp/wsps/cyf/.worktrees/juyiting-multimedia-deliberation-20260928/api-inspection-owner-20261002/agent/jia-agent-core/src/main/java/cn/jia/agent/common/AgentCommandAmqpContract.java使用或覆盖了已过时的 API。
注: 有关详细信息, 请使用 -Xlint:deprecation 重新编译。
12 个警告
Class dependency analysis for incremental compilation took 0.535 secs.
Created classpath snapshot for incremental compilation in 0.013 secs.
work action resolve main (project :agent:jia-agent-core) (Thread[#48,included builds,5,main]) started.
Resolve mutations for :common:jia-common-api:compileJava (Thread[#48,included builds,5,main]) started.
:common:jia-common-api:compileJava (Thread[#48,included builds,5,main]) started.

> Task :common:jia-common-api:compileJava
Caching disabled for task ':common:jia-common-api:compileJava' because:
  Build cache is disabled
Task ':common:jia-common-api:compileJava' is not up-to-date because:
  No history is available.
The input changes require a full rebuild for incremental task ':common:jia-common-api:compileJava'.
Compilation mode: in-process compilation
Full recompilation is required because no incremental change information is available. This is usually caused by clean builds or changing compiler arguments.
Compiling with toolchain '/home/isp/apps/jdk21'.
Compiling with JDK Java compiler API.
Class dependency analysis for incremental compilation took 0.019 secs.
Created classpath snapshot for incremental compilation in 0.015 secs.
work action resolve main (project :common:jia-common-api) (Thread[#48,included builds,5,main]) started.
Resolve mutations for :agent:jia-agent-api:compileJava (Thread[#48,included builds,5,main]) started.
:agent:jia-agent-api:compileJava (Thread[#48,included builds,5,main]) started.

> Task :agent:jia-agent-api:compileJava
Caching disabled for task ':agent:jia-agent-api:compileJava' because:
  Build cache is disabled
Task ':agent:jia-agent-api:compileJava' is not up-to-date because:
  No history is available.
The input changes require a full rebuild for incremental task ':agent:jia-agent-api:compileJava'.
Compilation mode: in-process compilation
Full recompilation is required because no incremental change information is available. This is usually caused by clean builds or changing compiler arguments.
Compiling with toolchain '/home/isp/apps/jdk21'.
Compiling with JDK Java compiler API.
警告: 未知的枚举常量 Include.ALWAYS
  原因: 找不到com.fasterxml.jackson.annotation.JsonInclude$Include的类文件
警告: 未知的枚举常量 Include.ALWAYS
警告: 未知的枚举常量 Include.ALWAYS
  原因: 找不到com.fasterxml.jackson.annotation.JsonInclude$Include的类文件
警告: 未知的枚举常量 Include.ALWAYS
警告: 未知的枚举常量 Include.ALWAYS
  原因: 找不到com.fasterxml.jackson.annotation.JsonInclude$Include的类文件
警告: 未知的枚举常量 Include.ALWAYS
警告: 未知的枚举常量 Include.ALWAYS
  原因: 找不到com.fasterxml.jackson.annotation.JsonInclude$Include的类文件
警告: 未知的枚举常量 Include.ALWAYS
警告: 未知的枚举常量 Include.ALWAYS
  原因: 找不到com.fasterxml.jackson.annotation.JsonInclude$Include的类文件
警告: 未知的枚举常量 Include.ALWAYS
10 个警告
Class dependency analysis for incremental compilation took 0.526 secs.
Created classpath snapshot for incremental compilation in 0.012 secs.
work action resolve main (project :agent:jia-agent-api) (Thread[#48,included builds,5,main]) started.
Resolve mutations for :agent:jia-agent-api:processResources (Thread[#48,included builds,5,main]) started.
:agent:jia-agent-api:processResources (Thread[#48,included builds,5,main]) started.

> Task :agent:jia-agent-api:processResources NO-SOURCE
Skipping task ':agent:jia-agent-api:processResources' as it has no source files and no previous output files.
Resolve mutations for :agent:jia-agent-api:classes (Thread[#48,included builds,5,main]) started.
:agent:jia-agent-api:classes (Thread[#48,included builds,5,main]) started.

> Task :agent:jia-agent-api:classes
Skipping task ':agent:jia-agent-api:classes' as it has no actions.
Resolve mutations for :agent:jia-agent-api:jar (Thread[#48,included builds,5,main]) started.
:agent:jia-agent-api:jar (Thread[#48,included builds,5,main]) started.

> Task :agent:jia-agent-api:jar
Caching disabled for task ':agent:jia-agent-api:jar' because:
  Build cache is disabled
  Not worth caching
Task ':agent:jia-agent-api:jar' is not up-to-date because:
  No history is available.
file or directory '/home/isp/wsps/cyf/.worktrees/juyiting-multimedia-deliberation-20260928/api-inspection-owner-20261002/agent/jia-agent-api/build/resources/main', not found
work action resolve jia-agent-api-1.1.2-SNAPSHOT.jar (project :agent:jia-agent-api) (Thread[#48,included builds,5,main]) started.
Resolve mutations for :agent:jia-agent-core:processResources (Thread[#48,included builds,5,main]) started.
:agent:jia-agent-core:processResources (Thread[#48,included builds,5,main]) started.

> Task :agent:jia-agent-core:processResources NO-SOURCE
Skipping task ':agent:jia-agent-core:processResources' as it has no source files and no previous output files.
Resolve mutations for :agent:jia-agent-core:classes (Thread[#48,included builds,5,main]) started.
:agent:jia-agent-core:classes (Thread[#48,included builds,5,main]) started.

> Task :agent:jia-agent-core:classes
Skipping task ':agent:jia-agent-core:classes' as it has no actions.
Resolve mutations for :agent:jia-agent-core:jar (Thread[#48,included builds,5,main]) started.
:agent:jia-agent-core:jar (Thread[#48,included builds,5,main]) started.

> Task :agent:jia-agent-core:jar
Caching disabled for task ':agent:jia-agent-core:jar' because:
  Build cache is disabled
  Not worth caching
Task ':agent:jia-agent-core:jar' is not up-to-date because:
  No history is available.
file or directory '/home/isp/wsps/cyf/.worktrees/juyiting-multimedia-deliberation-20260928/api-inspection-owner-20261002/agent/jia-agent-core/build/resources/main', not found
work action resolve jia-agent-core-1.1.2-SNAPSHOT.jar (project :agent:jia-agent-core) (Thread[#48,included builds,5,main]) started.
Resolve mutations for :common:jia-common-mapper:compileJava (Thread[#48,included builds,5,main]) started.
:common:jia-common-mapper:compileJava (Thread[#48,included builds,5,main]) started.

> Task :common:jia-common-mapper:compileJava
Caching disabled for task ':common:jia-common-mapper:compileJava' because:
  Build cache is disabled
Task ':common:jia-common-mapper:compileJava' is not up-to-date because:
  No history is available.
The input changes require a full rebuild for incremental task ':common:jia-common-mapper:compileJava'.
Compilation mode: in-process compilation
Full recompilation is required because no incremental change information is available. This is usually caused by clean builds or changing compiler arguments.
Compiling with toolchain '/home/isp/apps/jdk21'.
Compiling with JDK Java compiler API.
注: /home/isp/wsps/cyf/.worktrees/juyiting-multimedia-deliberation-20260928/api-inspection-owner-20261002/common/jia-common-mapper/src/main/java/cn/jia/common/dao/BaseDaoImpl.java使用或覆盖了已过时的 API。
注: 有关详细信息, 请使用 -Xlint:deprecation 重新编译。
注: /home/isp/wsps/cyf/.worktrees/juyiting-multimedia-deliberation-20260928/api-inspection-owner-20261002/common/jia-common-mapper/src/main/java/cn/jia/common/dao/BaseDaoImpl.java使用了未经检查或不安全的操作。
注: 有关详细信息, 请使用 -Xlint:unchecked 重新编译。
Class dependency analysis for incremental compilation took 0.015 secs.
Created classpath snapshot for incremental compilation in 0.006 secs.
work action resolve main (project :common:jia-common-mapper) (Thread[#48,included builds,5,main]) started.
Resolve mutations for :agent:jia-agent-mapper:compileJava (Thread[#48,included builds,5,main]) started.
:agent:jia-agent-mapper:compileJava (Thread[#48,included builds,5,main]) started.

> Task :agent:jia-agent-mapper:compileJava
Caching disabled for task ':agent:jia-agent-mapper:compileJava' because:
  Build cache is disabled
Task ':agent:jia-agent-mapper:compileJava' is not up-to-date because:
  No history is available.
The input changes require a full rebuild for incremental task ':agent:jia-agent-mapper:compileJava'.
Compilation mode: in-process compilation
Full recompilation is required because no incremental change information is available. This is usually caused by clean builds or changing compiler arguments.
Compiling with toolchain '/home/isp/apps/jdk21'.
Compiling with JDK Java compiler API.
Class dependency analysis for incremental compilation took 0.188 secs.
Created classpath snapshot for incremental compilation in 0.005 secs.
work action resolve main (project :agent:jia-agent-mapper) (Thread[#48,included builds,5,main]) started.
Resolve mutations for :agent:jia-agent-mapper:processResources (Thread[#48,included builds,5,main]) started.
:agent:jia-agent-mapper:processResources (Thread[#48,included builds,5,main]) started.

> Task :agent:jia-agent-mapper:processResources
Caching disabled for task ':agent:jia-agent-mapper:processResources' because:
  Build cache is disabled
  Not worth caching
Task ':agent:jia-agent-mapper:processResources' is not up-to-date because:
  No history is available.
Resolve mutations for :agent:jia-agent-mapper:classes (Thread[#48,included builds,5,main]) started.
:agent:jia-agent-mapper:classes (Thread[#48,included builds,5,main]) started.

> Task :agent:jia-agent-mapper:classes
Skipping task ':agent:jia-agent-mapper:classes' as it has no actions.
Resolve mutations for :agent:jia-agent-mapper:jar (Thread[#48,included builds,5,main]) started.
:agent:jia-agent-mapper:jar (Thread[#48,included builds,5,main]) started.

> Task :agent:jia-agent-mapper:jar
Caching disabled for task ':agent:jia-agent-mapper:jar' because:
  Build cache is disabled
  Not worth caching
Task ':agent:jia-agent-mapper:jar' is not up-to-date because:
  No history is available.
work action resolve jia-agent-mapper-1.1.2-SNAPSHOT.jar (project :agent:jia-agent-mapper) (Thread[#48,included builds,5,main]) started.
Resolve mutations for :chat:jia-chat-core:compileJava (Thread[#48,included builds,5,main]) started.
:chat:jia-chat-core:compileJava (Thread[#48,included builds,5,main]) started.

> Task :chat:jia-chat-core:compileJava
Caching disabled for task ':chat:jia-chat-core:compileJava' because:
  Build cache is disabled
Task ':chat:jia-chat-core:compileJava' is not up-to-date because:
  No history is available.
The input changes require a full rebuild for incremental task ':chat:jia-chat-core:compileJava'.
Compilation mode: in-process compilation
Full recompilation is required because no incremental change information is available. This is usually caused by clean builds or changing compiler arguments.
Compiling with toolchain '/home/isp/apps/jdk21'.
Compiling with JDK Java compiler API.
警告: 未知的枚举常量 JdbcType.UNDEFINED
  原因: 找不到org.apache.ibatis.type.JdbcType的类文件
警告: 未知的枚举常量 JdbcType.UNDEFINED
  原因: 找不到org.apache.ibatis.type.JdbcType的类文件
警告: 未知的枚举常量 JdbcType.UNDEFINED
  原因: 找不到org.apache.ibatis.type.JdbcType的类文件
警告: 未知的枚举常量 JdbcType.UNDEFINED
  原因: 找不到org.apache.ibatis.type.JdbcType的类文件
警告: 未知的枚举常量 JdbcType.UNDEFINED
  原因: 找不到org.apache.ibatis.type.JdbcType的类文件
5 个警告
Class dependency analysis for incremental compilation took 0.206 secs.
Created classpath snapshot for incremental compilation in 0.001 secs.
work action resolve main (project :chat:jia-chat-core) (Thread[#48,included builds,5,main]) started.
Resolve mutations for :chat:jia-chat-api:compileJava (Thread[#48,included builds,5,main]) started.
:chat:jia-chat-api:compileJava (Thread[#48,included builds,5,main]) started.

> Task :chat:jia-chat-api:compileJava
Caching disabled for task ':chat:jia-chat-api:compileJava' because:
  Build cache is disabled
Task ':chat:jia-chat-api:compileJava' is not up-to-date because:
  No history is available.
The input changes require a full rebuild for incremental task ':chat:jia-chat-api:compileJava'.
Compilation mode: in-process compilation
Full recompilation is required because no incremental change information is available. This is usually caused by clean builds or changing compiler arguments.
Compiling with toolchain '/home/isp/apps/jdk21'.
Compiling with JDK Java compiler API.
警告: 未知的枚举常量 JdbcType.UNDEFINED
  原因: 找不到org.apache.ibatis.type.JdbcType的类文件
警告: 未知的枚举常量 JdbcType.UNDEFINED
  原因: 找不到org.apache.ibatis.type.JdbcType的类文件
警告: 未知的枚举常量 JdbcType.UNDEFINED
  原因: 找不到org.apache.ibatis.type.JdbcType的类文件
警告: 未知的枚举常量 JdbcType.UNDEFINED
  原因: 找不到org.apache.ibatis.type.JdbcType的类文件
警告: 未知的枚举常量 JdbcType.UNDEFINED
  原因: 找不到org.apache.ibatis.type.JdbcType的类文件
5 个警告
Class dependency analysis for incremental compilation took 0.023 secs.
Created classpath snapshot for incremental compilation in 0.013 secs.
work action resolve main (project :chat:jia-chat-api) (Thread[#48,included builds,5,main]) started.
Resolve mutations for :common:jia-common-core:processResources (Thread[#48,included builds,5,main]) started.
:common:jia-common-core:processResources (Thread[#48,included builds,5,main]) started.

> Task :common:jia-common-core:processResources
Caching disabled for task ':common:jia-common-core:processResources' because:
  Build cache is disabled
  Not worth caching
Task ':common:jia-common-core:processResources' is not up-to-date because:
  No history is available.
Resolve mutations for :common:jia-common-core:classes (Thread[#48,included builds,5,main]) started.
:common:jia-common-core:classes (Thread[#48,included builds,5,main]) started.

> Task :common:jia-common-core:classes
Skipping task ':common:jia-common-core:classes' as it has no actions.
Resolve mutations for :common:jia-common-core:jar (Thread[#48,included builds,5,main]) started.
:common:jia-common-core:jar (Thread[#48,included builds,5,main]) started.

> Task :common:jia-common-core:jar
Caching disabled for task ':common:jia-common-core:jar' because:
  Build cache is disabled
  Not worth caching
Task ':common:jia-common-core:jar' is not up-to-date because:
  No history is available.
work action resolve jia-common-core-1.1.2-SNAPSHOT.jar (project :common:jia-common-core) (Thread[#48,included builds,5,main]) started.
Resolve mutations for :common:jia-common-service:compileJava (Thread[#48,included builds,5,main]) started.
:common:jia-common-service:compileJava (Thread[#48,included builds,5,main]) started.

> Task :common:jia-common-service:compileJava
Caching disabled for task ':common:jia-common-service:compileJava' because:
  Build cache is disabled
Task ':common:jia-common-service:compileJava' is not up-to-date because:
  No history is available.
The input changes require a full rebuild for incremental task ':common:jia-common-service:compileJava'.
Compilation mode: in-process compilation
Full recompilation is required because no incremental change information is available. This is usually caused by clean builds or changing compiler arguments.
Compiling with toolchain '/home/isp/apps/jdk21'.
Compiling with JDK Java compiler API.
Class dependency analysis for incremental compilation took 0.078 secs.
Created classpath snapshot for incremental compilation in 0.194 secs.
work action resolve main (project :common:jia-common-service) (Thread[#48,included builds,5,main]) started.
Resolve mutations for :economy:jia-economy-core:compileJava (Thread[#48,included builds,5,main]) started.
:economy:jia-economy-core:compileJava (Thread[#48,included builds,5,main]) started.

> Task :economy:jia-economy-core:compileJava
Caching disabled for task ':economy:jia-economy-core:compileJava' because:
  Build cache is disabled
Task ':economy:jia-economy-core:compileJava' is not up-to-date because:
  No history is available.
The input changes require a full rebuild for incremental task ':economy:jia-economy-core:compileJava'.
Compilation mode: in-process compilation
Full recompilation is required because no incremental change information is available. This is usually caused by clean builds or changing compiler arguments.
Compiling with toolchain '/home/isp/apps/jdk21'.
Compiling with JDK Java compiler API.
Class dependency analysis for incremental compilation took 0.058 secs.
Created classpath snapshot for incremental compilation in 0.0 secs.
work action resolve main (project :economy:jia-economy-core) (Thread[#48,included builds,5,main]) started.
Resolve mutations for :economy:jia-economy-api:compileJava (Thread[#48,included builds,5,main]) started.
:economy:jia-economy-api:compileJava (Thread[#48,included builds,5,main]) started.

> Task :economy:jia-economy-api:compileJava
Caching disabled for task ':economy:jia-economy-api:compileJava' because:
  Build cache is disabled
Task ':economy:jia-economy-api:compileJava' is not up-to-date because:
  No history is available.
The input changes require a full rebuild for incremental task ':economy:jia-economy-api:compileJava'.
Compilation mode: in-process compilation
Full recompilation is required because no incremental change information is available. This is usually caused by clean builds or changing compiler arguments.
Compiling with toolchain '/home/isp/apps/jdk21'.
Compiling with JDK Java compiler API.
Class dependency analysis for incremental compilation took 0.048 secs.
Created classpath snapshot for incremental compilation in 0.002 secs.
work action resolve main (project :economy:jia-economy-api) (Thread[#48,included builds,5,main]) started.
Resolve mutations for :economy:jia-economy-mapper:compileJava (Thread[#48,included builds,5,main]) started.
:economy:jia-economy-mapper:compileJava (Thread[#48,included builds,5,main]) started.

> Task :economy:jia-economy-mapper:compileJava
Caching disabled for task ':economy:jia-economy-mapper:compileJava' because:
  Build cache is disabled
Task ':economy:jia-economy-mapper:compileJava' is not up-to-date because:
  No history is available.
The input changes require a full rebuild for incremental task ':economy:jia-economy-mapper:compileJava'.
Compilation mode: in-process compilation
Full recompilation is required because no incremental change information is available. This is usually caused by clean builds or changing compiler arguments.
Compiling with toolchain '/home/isp/apps/jdk21'.
Compiling with JDK Java compiler API.
Class dependency analysis for incremental compilation took 0.011 secs.
Created classpath snapshot for incremental compilation in 0.003 secs.
work action resolve main (project :economy:jia-economy-mapper) (Thread[#48,included builds,5,main]) started.
Resolve mutations for :economy:jia-economy-service:compileJava (Thread[#48,included builds,5,main]) started.
:economy:jia-economy-service:compileJava (Thread[#48,included builds,5,main]) started.

> Task :economy:jia-economy-service:compileJava
Caching disabled for task ':economy:jia-economy-service:compileJava' because:
  Build cache is disabled
Task ':economy:jia-economy-service:compileJava' is not up-to-date because:
  No history is available.
The input changes require a full rebuild for incremental task ':economy:jia-economy-service:compileJava'.
Compilation mode: in-process compilation
Full recompilation is required because no incremental change information is available. This is usually caused by clean builds or changing compiler arguments.
Compiling with toolchain '/home/isp/apps/jdk21'.
Compiling with JDK Java compiler API.
注: 某些输入文件使用或覆盖了已过时的 API。
注: 有关详细信息, 请使用 -Xlint:deprecation 重新编译。
Class dependency analysis for incremental compilation took 0.08 secs.
Created classpath snapshot for incremental compilation in 0.017 secs.
work action resolve main (project :economy:jia-economy-service) (Thread[#48,included builds,5,main]) started.
Resolve mutations for :oauth:jia-oauth-core:compileJava (Thread[#48,included builds,5,main]) started.
:oauth:jia-oauth-core:compileJava (Thread[#48,included builds,5,main]) started.

> Task :oauth:jia-oauth-core:compileJava
Caching disabled for task ':oauth:jia-oauth-core:compileJava' because:
  Build cache is disabled
Task ':oauth:jia-oauth-core:compileJava' is not up-to-date because:
  No history is available.
The input changes require a full rebuild for incremental task ':oauth:jia-oauth-core:compileJava'.
Compilation mode: in-process compilation
Full recompilation is required because no incremental change information is available. This is usually caused by clean builds or changing compiler arguments.
Compiling with toolchain '/home/isp/apps/jdk21'.
Compiling with JDK Java compiler API.
警告: 未知的枚举常量 JdbcType.UNDEFINED
  原因: 找不到org.apache.ibatis.type.JdbcType的类文件
警告: 未知的枚举常量 JdbcType.UNDEFINED
  原因: 找不到org.apache.ibatis.type.JdbcType的类文件
警告: 未知的枚举常量 JdbcType.UNDEFINED
  原因: 找不到org.apache.ibatis.type.JdbcType的类文件
警告: 未知的枚举常量 JdbcType.UNDEFINED
  原因: 找不到org.apache.ibatis.type.JdbcType的类文件
警告: 未知的枚举常量 JdbcType.UNDEFINED
  原因: 找不到org.apache.ibatis.type.JdbcType的类文件
5 个警告
Class dependency analysis for incremental compilation took 0.012 secs.
Created classpath snapshot for incremental compilation in 0.0 secs.
work action resolve main (project :oauth:jia-oauth-core) (Thread[#48,included builds,5,main]) started.
Resolve mutations for :oauth:jia-oauth-api:compileJava (Thread[#48,included builds,5,main]) started.
:oauth:jia-oauth-api:compileJava (Thread[#48,included builds,5,main]) started.

> Task :oauth:jia-oauth-api:compileJava
Caching disabled for task ':oauth:jia-oauth-api:compileJava' because:
  Build cache is disabled
Task ':oauth:jia-oauth-api:compileJava' is not up-to-date because:
  No history is available.
The input changes require a full rebuild for incremental task ':oauth:jia-oauth-api:compileJava'.
Compilation mode: in-process compilation
Full recompilation is required because no incremental change information is available. This is usually caused by clean builds or changing compiler arguments.
Compiling with toolchain '/home/isp/apps/jdk21'.
Compiling with JDK Java compiler API.
Class dependency analysis for incremental compilation took 0.012 secs.
Created classpath snapshot for incremental compilation in 0.001 secs.
work action resolve main (project :oauth:jia-oauth-api) (Thread[#48,included builds,5,main]) started.
Resolve mutations for :task:jia-task-core:compileJava (Thread[#48,included builds,5,main]) started.
:task:jia-task-core:compileJava (Thread[#48,included builds,5,main]) started.

> Task :task:jia-task-core:compileJava
Caching disabled for task ':task:jia-task-core:compileJava' because:
  Build cache is disabled
Task ':task:jia-task-core:compileJava' is not up-to-date because:
  No history is available.
The input changes require a full rebuild for incremental task ':task:jia-task-core:compileJava'.
Compilation mode: in-process compilation
Full recompilation is required because no incremental change information is available. This is usually caused by clean builds or changing compiler arguments.
Compiling with toolchain '/home/isp/apps/jdk21'.
Compiling with JDK Java compiler API.
警告: 未知的枚举常量 JdbcType.UNDEFINED
  原因: 找不到org.apache.ibatis.type.JdbcType的类文件
警告: 未知的枚举常量 JdbcType.UNDEFINED
  原因: 找不到org.apache.ibatis.type.JdbcType的类文件
警告: 未知的枚举常量 JdbcType.UNDEFINED
  原因: 找不到org.apache.ibatis.type.JdbcType的类文件
警告: 未知的枚举常量 JdbcType.UNDEFINED
  原因: 找不到org.apache.ibatis.type.JdbcType的类文件
警告: 未知的枚举常量 JdbcType.UNDEFINED
  原因: 找不到org.apache.ibatis.type.JdbcType的类文件
5 个警告
Class dependency analysis for incremental compilation took 0.019 secs.
Created classpath snapshot for incremental compilation in 0.0 secs.
work action resolve main (project :task:jia-task-core) (Thread[#48,included builds,5,main]) started.
Resolve mutations for :task:jia-task-api:compileJava (Thread[#48,included builds,5,main]) started.
:task:jia-task-api:compileJava (Thread[#48,included builds,5,main]) started.

> Task :task:jia-task-api:compileJava
Caching disabled for task ':task:jia-task-api:compileJava' because:
  Build cache is disabled
Task ':task:jia-task-api:compileJava' is not up-to-date because:
  No history is available.
The input changes require a full rebuild for incremental task ':task:jia-task-api:compileJava'.
Compilation mode: in-process compilation
Full recompilation is required because no incremental change information is available. This is usually caused by clean builds or changing compiler arguments.
Compiling with toolchain '/home/isp/apps/jdk21'.
Compiling with JDK Java compiler API.
警告: 未知的枚举常量 JdbcType.UNDEFINED
  原因: 找不到org.apache.ibatis.type.JdbcType的类文件
警告: 未知的枚举常量 JdbcType.UNDEFINED
  原因: 找不到org.apache.ibatis.type.JdbcType的类文件
警告: 未知的枚举常量 JdbcType.UNDEFINED
  原因: 找不到org.apache.ibatis.type.JdbcType的类文件
警告: 未知的枚举常量 JdbcType.UNDEFINED
  原因: 找不到org.apache.ibatis.type.JdbcType的类文件
警告: 未知的枚举常量 JdbcType.UNDEFINED
  原因: 找不到org.apache.ibatis.type.JdbcType的类文件
5 个警告
Class dependency analysis for incremental compilation took 0.013 secs.
Created classpath snapshot for incremental compilation in 0.001 secs.
work action resolve main (project :task:jia-task-api) (Thread[#48,included builds,5,main]) started.
Resolve mutations for :user:jia-user-core:compileJava (Thread[#48,included builds,5,main]) started.
:user:jia-user-core:compileJava (Thread[#48,included builds,5,main]) started.

> Task :user:jia-user-core:compileJava
Caching disabled for task ':user:jia-user-core:compileJava' because:
  Build cache is disabled
Task ':user:jia-user-core:compileJava' is not up-to-date because:
  No history is available.
The input changes require a full rebuild for incremental task ':user:jia-user-core:compileJava'.
Compilation mode: in-process compilation
Full recompilation is required because no incremental change information is available. This is usually caused by clean builds or changing compiler arguments.
Compiling with toolchain '/home/isp/apps/jdk21'.
Compiling with JDK Java compiler API.
警告: 未知的枚举常量 JdbcType.UNDEFINED
  原因: 找不到org.apache.ibatis.type.JdbcType的类文件
警告: 未知的枚举常量 JdbcType.UNDEFINED
  原因: 找不到org.apache.ibatis.type.JdbcType的类文件
警告: 未知的枚举常量 JdbcType.UNDEFINED
  原因: 找不到org.apache.ibatis.type.JdbcType的类文件
警告: 未知的枚举常量 JdbcType.UNDEFINED
  原因: 找不到org.apache.ibatis.type.JdbcType的类文件
警告: 未知的枚举常量 JdbcType.UNDEFINED
  原因: 找不到org.apache.ibatis.type.JdbcType的类文件
5 个警告
Class dependency analysis for incremental compilation took 0.039 secs.
Created classpath snapshot for incremental compilation in 0.002 secs.
work action resolve main (project :user:jia-user-core) (Thread[#48,included builds,5,main]) started.
Resolve mutations for :user:jia-user-api:compileJava (Thread[#48,included builds,5,main]) started.
:user:jia-user-api:compileJava (Thread[#48,included builds,5,main]) started.

> Task :user:jia-user-api:compileJava
Caching disabled for task ':user:jia-user-api:compileJava' because:
  Build cache is disabled
Task ':user:jia-user-api:compileJava' is not up-to-date because:
  No history is available.
The input changes require a full rebuild for incremental task ':user:jia-user-api:compileJava'.
Compilation mode: in-process compilation
Full recompilation is required because no incremental change information is available. This is usually caused by clean builds or changing compiler arguments.
Compiling with toolchain '/home/isp/apps/jdk21'.
Compiling with JDK Java compiler API.
警告: 未知的枚举常量 JdbcType.UNDEFINED
  原因: 找不到org.apache.ibatis.type.JdbcType的类文件
警告: 未知的枚举常量 JdbcType.UNDEFINED
  原因: 找不到org.apache.ibatis.type.JdbcType的类文件
警告: 未知的枚举常量 JdbcType.UNDEFINED
  原因: 找不到org.apache.ibatis.type.JdbcType的类文件
警告: 未知的枚举常量 JdbcType.UNDEFINED
  原因: 找不到org.apache.ibatis.type.JdbcType的类文件
警告: 未知的枚举常量 JdbcType.UNDEFINED
  原因: 找不到org.apache.ibatis.type.JdbcType的类文件
5 个警告
Class dependency analysis for incremental compilation took 0.59 secs.
Created classpath snapshot for incremental compilation in 0.107 secs.
work action resolve main (project :user:jia-user-api) (Thread[#48,included builds,5,main]) started.
Resolve mutations for :agent:jia-agent-service:compileJava (Thread[#48,included builds,5,main]) started.
:agent:jia-agent-service:compileJava (Thread[#48,included builds,5,main]) started.

> Task :agent:jia-agent-service:compileJava
Caching disabled for task ':agent:jia-agent-service:compileJava' because:
  Build cache is disabled
Task ':agent:jia-agent-service:compileJava' is not up-to-date because:
  No history is available.
The input changes require a full rebuild for incremental task ':agent:jia-agent-service:compileJava'.
Compilation mode: in-process compilation
Full recompilation is required because no incremental change information is available. This is usually caused by clean builds or changing compiler arguments.
Compiling with toolchain '/home/isp/apps/jdk21'.
Compiling with JDK Java compiler API.
注: 某些输入文件使用或覆盖了已过时的 API。
注: 有关详细信息, 请使用 -Xlint:deprecation 重新编译。
Class dependency analysis for incremental compilation took 2.488 secs.
Created classpath snapshot for incremental compilation in 0.297 secs.
work action resolve main (project :agent:jia-agent-service) (Thread[#48,included builds,5,main]) started.
Resolve mutations for :agent:jia-agent-service:processResources (Thread[#48,included builds,5,main]) started.
:agent:jia-agent-service:processResources (Thread[#48,included builds,5,main]) started.

> Task :agent:jia-agent-service:processResources
Caching disabled for task ':agent:jia-agent-service:processResources' because:
  Build cache is disabled
  Not worth caching
Task ':agent:jia-agent-service:processResources' is not up-to-date because:
  No history is available.
Resolve mutations for :agent:jia-agent-service:classes (Thread[#48,included builds,5,main]) started.
:agent:jia-agent-service:classes (Thread[#48,included builds,5,main]) started.

> Task :agent:jia-agent-service:classes
Skipping task ':agent:jia-agent-service:classes' as it has no actions.
Resolve mutations for :agent:jia-agent-service:jar (Thread[#48,included builds,5,main]) started.
:agent:jia-agent-service:jar (Thread[#48,included builds,5,main]) started.

> Task :agent:jia-agent-service:jar
Caching disabled for task ':agent:jia-agent-service:jar' because:
  Build cache is disabled
  Not worth caching
Task ':agent:jia-agent-service:jar' is not up-to-date because:
  No history is available.
work action resolve jia-agent-service-1.1.2-SNAPSHOT.jar (project :agent:jia-agent-service) (Thread[#48,included builds,5,main]) started.
Resolve mutations for :chat:jia-chat-api:processResources (Thread[#48,included builds,5,main]) started.
:chat:jia-chat-api:processResources (Thread[#48,included builds,5,main]) started.

> Task :chat:jia-chat-api:processResources NO-SOURCE
Skipping task ':chat:jia-chat-api:processResources' as it has no source files and no previous output files.
Resolve mutations for :chat:jia-chat-api:classes (Thread[#48,included builds,5,main]) started.
:chat:jia-chat-api:classes (Thread[#48,included builds,5,main]) started.

> Task :chat:jia-chat-api:classes
Skipping task ':chat:jia-chat-api:classes' as it has no actions.
Resolve mutations for :chat:jia-chat-api:jar (Thread[#48,included builds,5,main]) started.
:chat:jia-chat-api:jar (Thread[#48,included builds,5,main]) started.

> Task :chat:jia-chat-api:jar
Caching disabled for task ':chat:jia-chat-api:jar' because:
  Build cache is disabled
  Not worth caching
Task ':chat:jia-chat-api:jar' is not up-to-date because:
  No history is available.
file or directory '/home/isp/wsps/cyf/.worktrees/juyiting-multimedia-deliberation-20260928/api-inspection-owner-20261002/chat/jia-chat-api/build/resources/main', not found
work action resolve jia-chat-api-1.1.2-SNAPSHOT.jar (project :chat:jia-chat-api) (Thread[#48,included builds,5,main]) started.
Resolve mutations for :chat:jia-chat-core:processResources (Thread[#48,included builds,5,main]) started.
:chat:jia-chat-core:processResources (Thread[#48,included builds,5,main]) started.

> Task :chat:jia-chat-core:processResources NO-SOURCE
Skipping task ':chat:jia-chat-core:processResources' as it has no source files and no previous output files.
Resolve mutations for :chat:jia-chat-core:classes (Thread[#48,included builds,5,main]) started.
:chat:jia-chat-core:classes (Thread[#48,included builds,5,main]) started.

> Task :chat:jia-chat-core:classes
Skipping task ':chat:jia-chat-core:classes' as it has no actions.
Resolve mutations for :chat:jia-chat-core:jar (Thread[#48,included builds,5,main]) started.
:chat:jia-chat-core:jar (Thread[#48,included builds,5,main]) started.

> Task :chat:jia-chat-core:jar
Caching disabled for task ':chat:jia-chat-core:jar' because:
  Build cache is disabled
  Not worth caching
Task ':chat:jia-chat-core:jar' is not up-to-date because:
  No history is available.
file or directory '/home/isp/wsps/cyf/.worktrees/juyiting-multimedia-deliberation-20260928/api-inspection-owner-20261002/chat/jia-chat-core/build/resources/main', not found
work action resolve jia-chat-core-1.1.2-SNAPSHOT.jar (project :chat:jia-chat-core) (Thread[#48,included builds,5,main]) started.
Resolve mutations for :chat:jia-chat-mapper:compileJava (Thread[#48,included builds,5,main]) started.
:chat:jia-chat-mapper:compileJava (Thread[#48,included builds,5,main]) started.

> Task :chat:jia-chat-mapper:compileJava
Caching disabled for task ':chat:jia-chat-mapper:compileJava' because:
  Build cache is disabled
Task ':chat:jia-chat-mapper:compileJava' is not up-to-date because:
  No history is available.
The input changes require a full rebuild for incremental task ':chat:jia-chat-mapper:compileJava'.
Compilation mode: in-process compilation
Full recompilation is required because no incremental change information is available. This is usually caused by clean builds or changing compiler arguments.
Compiling with toolchain '/home/isp/apps/jdk21'.
Compiling with JDK Java compiler API.
Class dependency analysis for incremental compilation took 0.068 secs.
Created classpath snapshot for incremental compilation in 0.003 secs.
work action resolve main (project :chat:jia-chat-mapper) (Thread[#48,included builds,5,main]) started.
Resolve mutations for :chat:jia-chat-mapper:processResources (Thread[#48,included builds,5,main]) started.
:chat:jia-chat-mapper:processResources (Thread[#48,included builds,5,main]) started.

> Task :chat:jia-chat-mapper:processResources
Caching disabled for task ':chat:jia-chat-mapper:processResources' because:
  Build cache is disabled
  Not worth caching
Task ':chat:jia-chat-mapper:processResources' is not up-to-date because:
  No history is available.
Resolve mutations for :chat:jia-chat-mapper:classes (Thread[#48,included builds,5,main]) started.
:chat:jia-chat-mapper:classes (Thread[#48,included builds,5,main]) started.

> Task :chat:jia-chat-mapper:classes
Skipping task ':chat:jia-chat-mapper:classes' as it has no actions.
Resolve mutations for :chat:jia-chat-mapper:jar (Thread[#48,included builds,5,main]) started.
:chat:jia-chat-mapper:jar (Thread[#48,included builds,5,main]) started.

> Task :chat:jia-chat-mapper:jar
Caching disabled for task ':chat:jia-chat-mapper:jar' because:
  Build cache is disabled
  Not worth caching
Task ':chat:jia-chat-mapper:jar' is not up-to-date because:
  No history is available.
work action resolve jia-chat-mapper-1.1.2-SNAPSHOT.jar (project :chat:jia-chat-mapper) (Thread[#48,included builds,5,main]) started.
Resolve mutations for :kefu:jia-kefu-core:compileJava (Thread[#48,included builds,5,main]) started.
:kefu:jia-kefu-core:compileJava (Thread[#48,included builds,5,main]) started.

> Task :kefu:jia-kefu-core:compileJava
Caching disabled for task ':kefu:jia-kefu-core:compileJava' because:
  Build cache is disabled
Task ':kefu:jia-kefu-core:compileJava' is not up-to-date because:
  No history is available.
The input changes require a full rebuild for incremental task ':kefu:jia-kefu-core:compileJava'.
Compilation mode: in-process compilation
Full recompilation is required because no incremental change information is available. This is usually caused by clean builds or changing compiler arguments.
Compiling with toolchain '/home/isp/apps/jdk21'.
Compiling with JDK Java compiler API.
警告: 未知的枚举常量 JdbcType.UNDEFINED
  原因: 找不到org.apache.ibatis.type.JdbcType的类文件
警告: 未知的枚举常量 JdbcType.UNDEFINED
  原因: 找不到org.apache.ibatis.type.JdbcType的类文件
警告: 未知的枚举常量 JdbcType.UNDEFINED
  原因: 找不到org.apache.ibatis.type.JdbcType的类文件
警告: 未知的枚举常量 JdbcType.UNDEFINED
  原因: 找不到org.apache.ibatis.type.JdbcType的类文件
警告: 未知的枚举常量 JdbcType.UNDEFINED
  原因: 找不到org.apache.ibatis.type.JdbcType的类文件
5 个警告
Class dependency analysis for incremental compilation took 0.009 secs.
Created classpath snapshot for incremental compilation in 0.0 secs.
work action resolve main (project :kefu:jia-kefu-core) (Thread[#48,included builds,5,main]) started.
Resolve mutations for :kefu:jia-kefu-api:compileJava (Thread[#48,included builds,5,main]) started.
:kefu:jia-kefu-api:compileJava (Thread[#48,included builds,5,main]) started.

> Task :kefu:jia-kefu-api:compileJava
Caching disabled for task ':kefu:jia-kefu-api:compileJava' because:
  Build cache is disabled
Task ':kefu:jia-kefu-api:compileJava' is not up-to-date because:
  No history is available.
The input changes require a full rebuild for incremental task ':kefu:jia-kefu-api:compileJava'.
Compilation mode: in-process compilation
Full recompilation is required because no incremental change information is available. This is usually caused by clean builds or changing compiler arguments.
Compiling with toolchain '/home/isp/apps/jdk21'.
Compiling with JDK Java compiler API.
Class dependency analysis for incremental compilation took 0.02 secs.
Created classpath snapshot for incremental compilation in 0.002 secs.
work action resolve main (project :kefu:jia-kefu-api) (Thread[#48,included builds,5,main]) started.
Resolve mutations for :material:jia-material-core:compileJava (Thread[#48,included builds,5,main]) started.
:material:jia-material-core:compileJava (Thread[#48,included builds,5,main]) started.

> Task :material:jia-material-core:compileJava
Caching disabled for task ':material:jia-material-core:compileJava' because:
  Build cache is disabled
Task ':material:jia-material-core:compileJava' is not up-to-date because:
  No history is available.
The input changes require a full rebuild for incremental task ':material:jia-material-core:compileJava'.
Compilation mode: in-process compilation
Full recompilation is required because no incremental change information is available. This is usually caused by clean builds or changing compiler arguments.
Compiling with toolchain '/home/isp/apps/jdk21'.
Compiling with JDK Java compiler API.
警告: 未知的枚举常量 JdbcType.UNDEFINED
  原因: 找不到org.apache.ibatis.type.JdbcType的类文件
警告: 未知的枚举常量 JdbcType.UNDEFINED
  原因: 找不到org.apache.ibatis.type.JdbcType的类文件
警告: 未知的枚举常量 JdbcType.UNDEFINED
  原因: 找不到org.apache.ibatis.type.JdbcType的类文件
警告: 未知的枚举常量 JdbcType.UNDEFINED
  原因: 找不到org.apache.ibatis.type.JdbcType的类文件
警告: 未知的枚举常量 JdbcType.UNDEFINED
  原因: 找不到org.apache.ibatis.type.JdbcType的类文件
5 个警告
Class dependency analysis for incremental compilation took 0.024 secs.
Created classpath snapshot for incremental compilation in 0.0 secs.
work action resolve main (project :material:jia-material-core) (Thread[#48,included builds,5,main]) started.
Resolve mutations for :material:jia-material-api:compileJava (Thread[#48,included builds,5,main]) started.
:material:jia-material-api:compileJava (Thread[#48,included builds,5,main]) started.

> Task :material:jia-material-api:compileJava
Caching disabled for task ':material:jia-material-api:compileJava' because:
  Build cache is disabled
Task ':material:jia-material-api:compileJava' is not up-to-date because:
  No history is available.
The input changes require a full rebuild for incremental task ':material:jia-material-api:compileJava'.
Compilation mode: in-process compilation
Full recompilation is required because no incremental change information is available. This is usually caused by clean builds or changing compiler arguments.
Compiling with toolchain '/home/isp/apps/jdk21'.
Compiling with JDK Java compiler API.
警告: 未知的枚举常量 JdbcType.UNDEFINED
  原因: 找不到org.apache.ibatis.type.JdbcType的类文件
警告: 未知的枚举常量 JdbcType.UNDEFINED
  原因: 找不到org.apache.ibatis.type.JdbcType的类文件
警告: 未知的枚举常量 JdbcType.UNDEFINED
  原因: 找不到org.apache.ibatis.type.JdbcType的类文件
警告: 未知的枚举常量 JdbcType.UNDEFINED
  原因: 找不到org.apache.ibatis.type.JdbcType的类文件
警告: 未知的枚举常量 JdbcType.UNDEFINED
  原因: 找不到org.apache.ibatis.type.JdbcType的类文件
5 个警告
Class dependency analysis for incremental compilation took 0.015 secs.
Created classpath snapshot for incremental compilation in 0.001 secs.
work action resolve main (project :material:jia-material-api) (Thread[#48,included builds,5,main]) started.
Resolve mutations for :point:jia-point-core:compileJava (Thread[#48,included builds,5,main]) started.
:point:jia-point-core:compileJava (Thread[#48,included builds,5,main]) started.

> Task :point:jia-point-core:compileJava
Caching disabled for task ':point:jia-point-core:compileJava' because:
  Build cache is disabled
Task ':point:jia-point-core:compileJava' is not up-to-date because:
  No history is available.
The input changes require a full rebuild for incremental task ':point:jia-point-core:compileJava'.
Compilation mode: in-process compilation
Full recompilation is required because no incremental change information is available. This is usually caused by clean builds or changing compiler arguments.
Compiling with toolchain '/home/isp/apps/jdk21'.
Compiling with JDK Java compiler API.
警告: 未知的枚举常量 JdbcType.UNDEFINED
  原因: 找不到org.apache.ibatis.type.JdbcType的类文件
警告: 未知的枚举常量 JdbcType.UNDEFINED
  原因: 找不到org.apache.ibatis.type.JdbcType的类文件
警告: 未知的枚举常量 JdbcType.UNDEFINED
  原因: 找不到org.apache.ibatis.type.JdbcType的类文件
警告: 未知的枚举常量 JdbcType.UNDEFINED
  原因: 找不到org.apache.ibatis.type.JdbcType的类文件
警告: 未知的枚举常量 JdbcType.UNDEFINED
  原因: 找不到org.apache.ibatis.type.JdbcType的类文件
5 个警告
Class dependency analysis for incremental compilation took 0.008 secs.
Created classpath snapshot for incremental compilation in 0.0 secs.
work action resolve main (project :point:jia-point-core) (Thread[#48,included builds,5,main]) started.
Resolve mutations for :point:jia-point-api:compileJava (Thread[#48,included builds,5,main]) started.
:point:jia-point-api:compileJava (Thread[#48,included builds,5,main]) started.

> Task :point:jia-point-api:compileJava
Caching disabled for task ':point:jia-point-api:compileJava' because:
  Build cache is disabled
Task ':point:jia-point-api:compileJava' is not up-to-date because:
  No history is available.
The input changes require a full rebuild for incremental task ':point:jia-point-api:compileJava'.
Compilation mode: in-process compilation
Full recompilation is required because no incremental change information is available. This is usually caused by clean builds or changing compiler arguments.
Compiling with toolchain '/home/isp/apps/jdk21'.
Compiling with JDK Java compiler API.
警告: 未知的枚举常量 JdbcType.UNDEFINED
  原因: 找不到org.apache.ibatis.type.JdbcType的类文件
警告: 未知的枚举常量 JdbcType.UNDEFINED
  原因: 找不到org.apache.ibatis.type.JdbcType的类文件
警告: 未知的枚举常量 JdbcType.UNDEFINED
  原因: 找不到org.apache.ibatis.type.JdbcType的类文件
警告: 未知的枚举常量 JdbcType.UNDEFINED
  原因: 找不到org.apache.ibatis.type.JdbcType的类文件
警告: 未知的枚举常量 JdbcType.UNDEFINED
  原因: 找不到org.apache.ibatis.type.JdbcType的类文件
5 个警告
Class dependency analysis for incremental compilation took 0.002 secs.
Created classpath snapshot for incremental compilation in 0.001 secs.
work action resolve main (project :point:jia-point-api) (Thread[#48,included builds,5,main]) started.
Resolve mutations for :chat:jia-chat-service:compileJava (Thread[#48,included builds,5,main]) started.
:chat:jia-chat-service:compileJava (Thread[#48,included builds,5,main]) started.

> Task :chat:jia-chat-service:compileJava
Caching disabled for task ':chat:jia-chat-service:compileJava' because:
  Build cache is disabled
Task ':chat:jia-chat-service:compileJava' is not up-to-date because:
  No history is available.
The input changes require a full rebuild for incremental task ':chat:jia-chat-service:compileJava'.
Compilation mode: in-process compilation
Full recompilation is required because no incremental change information is available. This is usually caused by clean builds or changing compiler arguments.
Compiling with toolchain '/home/isp/apps/jdk21'.
Compiling with JDK Java compiler API.
/home/isp/wsps/cyf/.worktrees/juyiting-multimedia-deliberation-20260928/api-inspection-owner-20261002/chat/jia-chat-service/src/main/java/cn/jia/chat/service/TypedInspectionFinalValidator.java:300: 错误: 找不到符号
        Object authorization = raw.get("authorizationId"), manifestDigest = raw.get("manifestDigest"), sourcesValue = raw.get("sources");
                               ^
  符号:   变量 raw
  位置: 类 TypedInspectionFinalValidator
/home/isp/wsps/cyf/.worktrees/juyiting-multimedia-deliberation-20260928/api-inspection-owner-20261002/chat/jia-chat-service/src/main/java/cn/jia/chat/service/TypedInspectionFinalValidator.java:300: 错误: 找不到符号
        Object authorization = raw.get("authorizationId"), manifestDigest = raw.get("manifestDigest"), sourcesValue = raw.get("sources");
                                                                            ^
  符号:   变量 raw
  位置: 类 TypedInspectionFinalValidator
/home/isp/wsps/cyf/.worktrees/juyiting-multimedia-deliberation-20260928/api-inspection-owner-20261002/chat/jia-chat-service/src/main/java/cn/jia/chat/service/TypedInspectionFinalValidator.java:300: 错误: 找不到符号
        Object authorization = raw.get("authorizationId"), manifestDigest = raw.get("manifestDigest"), sourcesValue = raw.get("sources");
                                                                                                                      ^
  符号:   变量 raw
  位置: 类 TypedInspectionFinalValidator
/home/isp/wsps/cyf/.worktrees/juyiting-multimedia-deliberation-20260928/api-inspection-owner-20261002/chat/jia-chat-service/src/main/java/cn/jia/chat/service/TypedInspectionFinalValidator.java:310: 错误: 找不到符号
            String id = string(source.get("sourceRefId"), Reason.INVALID_RECEIPT);
                               ^
  符号:   变量 source
  位置: 类 TypedInspectionFinalValidator
/home/isp/wsps/cyf/.worktrees/juyiting-multimedia-deliberation-20260928/api-inspection-owner-20261002/chat/jia-chat-service/src/main/java/cn/jia/chat/service/TypedInspectionFinalValidator.java:311: 错误: 找不到符号
            String sha = string(source.get("sha256"), Reason.INVALID_RECEIPT);
                                ^
  符号:   变量 source
  位置: 类 TypedInspectionFinalValidator
/home/isp/wsps/cyf/.worktrees/juyiting-multimedia-deliberation-20260928/api-inspection-owner-20261002/chat/jia-chat-service/src/main/java/cn/jia/chat/service/TypedInspectionFinalValidator.java:312: 错误: 找不到符号
            String bytes = string(source.get("byteLength"), Reason.INVALID_RECEIPT);
                                  ^
  符号:   变量 source
  位置: 类 TypedInspectionFinalValidator
/home/isp/wsps/cyf/.worktrees/juyiting-multimedia-deliberation-20260928/api-inspection-owner-20261002/chat/jia-chat-service/src/main/java/cn/jia/chat/service/TypedInspectionFinalValidator.java:313: 错误: 找不到符号
            String mime = string(source.get("mimeType"), Reason.INVALID_RECEIPT);
                                 ^
  符号:   变量 source
  位置: 类 TypedInspectionFinalValidator
/home/isp/wsps/cyf/.worktrees/juyiting-multimedia-deliberation-20260928/api-inspection-owner-20261002/chat/jia-chat-service/src/main/java/cn/jia/chat/service/TypedInspectionFinalValidator.java:314: 错误: 找不到符号
            String carrier = string(source.get("carrier"), Reason.INVALID_RECEIPT);
                                    ^
  符号:   变量 source
  位置: 类 TypedInspectionFinalValidator
/home/isp/wsps/cyf/.worktrees/juyiting-multimedia-deliberation-20260928/api-inspection-owner-20261002/chat/jia-chat-service/src/main/java/cn/jia/chat/service/TypedInspectionFinalValidator.java:315: 错误: 找不到符号
            String carrierDigest = string(source.get("carrierContractDigest"), Reason.INVALID_RECEIPT);
                                          ^
  符号:   变量 source
  位置: 类 TypedInspectionFinalValidator
注: 某些输入文件使用或覆盖了已过时的 API。
注: 有关详细信息, 请使用 -Xlint:deprecation 重新编译。
注: 某些输入文件使用了未经检查或不安全的操作。
注: 有关详细信息, 请使用 -Xlint:unchecked 重新编译。
9 个错误

> Task :chat:jia-chat-service:compileJava FAILED

[Incubating] Problems report is available at: file:///home/isp/wsps/cyf/.worktrees/juyiting-multimedia-deliberation-20260928/api-inspection-owner-20261002/build/reports/problems/problems-report.html

FAILURE: Build failed with an exception.

* What went wrong:
Execution failed for task ':chat:jia-chat-service:compileJava'.
> Compilation failed; see the compiler output below.
  注: 有关详细信息, 请使用 -Xlint:deprecation 重新编译。
  /home/isp/wsps/cyf/.worktrees/juyiting-multimedia-deliberation-20260928/api-inspection-owner-20261002/chat/jia-chat-service/src/main/java/cn/jia/chat/service/TypedInspectionFinalValidator.java:300: 错误: 找不到符号
          Object authorization = raw.get("authorizationId"), manifestDigest = raw.get("manifestDigest"), sourcesValue = raw.get("sources");
                                 ^
    符号:   变量 raw
    位置: 类 TypedInspectionFinalValidator
  /home/isp/wsps/cyf/.worktrees/juyiting-multimedia-deliberation-20260928/api-inspection-owner-20261002/chat/jia-chat-service/src/main/java/cn/jia/chat/service/TypedInspectionFinalValidator.java:300: 错误: 找不到符号
          Object authorization = raw.get("authorizationId"), manifestDigest = raw.get("manifestDigest"), sourcesValue = raw.get("sources");
                                                                              ^
    符号:   变量 raw
    位置: 类 TypedInspectionFinalValidator
  /home/isp/wsps/cyf/.worktrees/juyiting-multimedia-deliberation-20260928/api-inspection-owner-20261002/chat/jia-chat-service/src/main/java/cn/jia/chat/service/TypedInspectionFinalValidator.java:300: 错误: 找不到符号
          Object authorization = raw.get("authorizationId"), manifestDigest = raw.get("manifestDigest"), sourcesValue = raw.get("sources");
                                                                                                                        ^
    符号:   变量 raw
    位置: 类 TypedInspectionFinalValidator
  /home/isp/wsps/cyf/.worktrees/juyiting-multimedia-deliberation-20260928/api-inspection-owner-20261002/chat/jia-chat-service/src/main/java/cn/jia/chat/service/TypedInspectionFinalValidator.java:310: 错误: 找不到符号
              String id = string(source.get("sourceRefId"), Reason.INVALID_RECEIPT);
                                 ^
    符号:   变量 source
    位置: 类 TypedInspectionFinalValidator
  /home/isp/wsps/cyf/.worktrees/juyiting-multimedia-deliberation-20260928/api-inspection-owner-20261002/chat/jia-chat-service/src/main/java/cn/jia/chat/service/TypedInspectionFinalValidator.java:311: 错误: 找不到符号
              String sha = string(source.get("sha256"), Reason.INVALID_RECEIPT);
                                  ^
    符号:   变量 source
    位置: 类 TypedInspectionFinalValidator
  /home/isp/wsps/cyf/.worktrees/juyiting-multimedia-deliberation-20260928/api-inspection-owner-20261002/chat/jia-chat-service/src/main/java/cn/jia/chat/service/TypedInspectionFinalValidator.java:312: 错误: 找不到符号
              String bytes = string(source.get("byteLength"), Reason.INVALID_RECEIPT);
                                    ^
    符号:   变量 source
    位置: 类 TypedInspectionFinalValidator
  /home/isp/wsps/cyf/.worktrees/juyiting-multimedia-deliberation-20260928/api-inspection-owner-20261002/chat/jia-chat-service/src/main/java/cn/jia/chat/service/TypedInspectionFinalValidator.java:313: 错误: 找不到符号
              String mime = string(source.get("mimeType"), Reason.INVALID_RECEIPT);
                                   ^
    符号:   变量 source
    位置: 类 TypedInspectionFinalValidator
  /home/isp/wsps/cyf/.worktrees/juyiting-multimedia-deliberation-20260928/api-inspection-owner-20261002/chat/jia-chat-service/src/main/java/cn/jia/chat/service/TypedInspectionFinalValidator.java:314: 错误: 找不到符号
              String carrier = string(source.get("carrier"), Reason.INVALID_RECEIPT);
                                      ^
    符号:   变量 source
    位置: 类 TypedInspectionFinalValidator
  /home/isp/wsps/cyf/.worktrees/juyiting-multimedia-deliberation-20260928/api-inspection-owner-20261002/chat/jia-chat-service/src/main/java/cn/jia/chat/service/TypedInspectionFinalValidator.java:315: 错误: 找不到符号
              String carrierDigest = string(source.get("carrierContractDigest"), Reason.INVALID_RECEIPT);
                                            ^
    符号:   变量 source
    位置: 类 TypedInspectionFinalValidator
  注: 有关详细信息, 请使用 -Xlint:unchecked 重新编译。
  注: 某些输入文件使用或覆盖了已过时的 API。
  注: 某些输入文件使用了未经检查或不安全的操作。
  9 个错误

* Try:
> Check your code and dependencies to fix the compilation error(s)
> Run with --scan to get full insights from a Build Scan (powered by Develocity).

* Exception is:
org.gradle.api.tasks.TaskExecutionException: Execution failed for task ':chat:jia-chat-service:compileJava'.
	at org.gradle.api.internal.tasks.execution.ExecuteActionsTaskExecuter.lambda$executeIfValid$1(ExecuteActionsTaskExecuter.java:135)
	at org.gradle.internal.Try$Failure.ifSuccessfulOrElse(Try.java:288)
	at org.gradle.api.internal.tasks.execution.ExecuteActionsTaskExecuter.executeIfValid(ExecuteActionsTaskExecuter.java:133)
	at org.gradle.api.internal.tasks.execution.ExecuteActionsTaskExecuter.execute(ExecuteActionsTaskExecuter.java:121)
	at org.gradle.api.internal.tasks.execution.ProblemsTaskPathTrackingTaskExecuter.execute(ProblemsTaskPathTrackingTaskExecuter.java:41)
	at org.gradle.api.internal.tasks.execution.FinalizePropertiesTaskExecuter.execute(FinalizePropertiesTaskExecuter.java:46)
	at org.gradle.api.internal.tasks.execution.ResolveTaskExecutionModeExecuter.execute(ResolveTaskExecutionModeExecuter.java:51)
	at org.gradle.api.internal.tasks.execution.SkipTaskWithNoActionsExecuter.execute(SkipTaskWithNoActionsExecuter.java:57)
	at org.gradle.api.internal.tasks.execution.SkipOnlyIfTaskExecuter.execute(SkipOnlyIfTaskExecuter.java:74)
	at org.gradle.api.internal.tasks.execution.CatchExceptionTaskExecuter.execute(CatchExceptionTaskExecuter.java:36)
	at org.gradle.api.internal.tasks.execution.EventFiringTaskExecuter$1.executeTask(EventFiringTaskExecuter.java:77)
	at org.gradle.api.internal.tasks.execution.EventFiringTaskExecuter$1.call(EventFiringTaskExecuter.java:55)
	at org.gradle.api.internal.tasks.execution.EventFiringTaskExecuter$1.call(EventFiringTaskExecuter.java:52)
	at org.gradle.internal.operations.DefaultBuildOperationRunner$CallableBuildOperationWorker.execute(DefaultBuildOperationRunner.java:209)
	at org.gradle.internal.operations.DefaultBuildOperationRunner$CallableBuildOperationWorker.execute(DefaultBuildOperationRunner.java:204)
	at org.gradle.internal.operations.DefaultBuildOperationRunner$2.execute(DefaultBuildOperationRunner.java:66)
	at org.gradle.internal.operations.DefaultBuildOperationRunner$2.execute(DefaultBuildOperationRunner.java:59)
	at org.gradle.internal.operations.DefaultBuildOperationRunner.execute(DefaultBuildOperationRunner.java:166)
	at org.gradle.internal.operations.DefaultBuildOperationRunner.execute(DefaultBuildOperationRunner.java:59)
	at org.gradle.internal.operations.DefaultBuildOperationRunner.call(DefaultBuildOperationRunner.java:53)
	at org.gradle.api.internal.tasks.execution.EventFiringTaskExecuter.execute(EventFiringTaskExecuter.java:52)
	at org.gradle.execution.plan.DefaultNodeExecutor.executeLocalTaskNode(DefaultNodeExecutor.java:55)
	at org.gradle.execution.plan.DefaultNodeExecutor.execute(DefaultNodeExecutor.java:34)
	at org.gradle.execution.taskgraph.DefaultTaskExecutionGraph$InvokeNodeExecutorsAction.execute(DefaultTaskExecutionGraph.java:355)
	at org.gradle.execution.taskgraph.DefaultTaskExecutionGraph$InvokeNodeExecutorsAction.execute(DefaultTaskExecutionGraph.java:343)
	at org.gradle.execution.taskgraph.DefaultTaskExecutionGraph$BuildOperationAwareExecutionAction.lambda$execute$0(DefaultTaskExecutionGraph.java:339)
	at org.gradle.internal.operations.CurrentBuildOperationRef.with(CurrentBuildOperationRef.java:84)
	at org.gradle.execution.taskgraph.DefaultTaskExecutionGraph$BuildOperationAwareExecutionAction.execute(DefaultTaskExecutionGraph.java:339)
	at org.gradle.execution.taskgraph.DefaultTaskExecutionGraph$BuildOperationAwareExecutionAction.execute(DefaultTaskExecutionGraph.java:328)
	at org.gradle.execution.plan.DefaultPlanExecutor$ExecutorWorker.execute(DefaultPlanExecutor.java:459)
	at org.gradle.execution.plan.DefaultPlanExecutor$ExecutorWorker.run(DefaultPlanExecutor.java:376)
	at org.gradle.execution.plan.DefaultPlanExecutor.process(DefaultPlanExecutor.java:111)
	at org.gradle.execution.taskgraph.DefaultTaskExecutionGraph.executeWithServices(DefaultTaskExecutionGraph.java:146)
	at org.gradle.execution.taskgraph.DefaultTaskExecutionGraph.execute(DefaultTaskExecutionGraph.java:131)
	at org.gradle.execution.SelectedTaskExecutionAction.execute(SelectedTaskExecutionAction.java:35)
	at org.gradle.execution.BuildOperationFiringBuildWorkerExecutor$ExecuteTasks.call(BuildOperationFiringBuildWorkerExecutor.java:54)
	at org.gradle.execution.BuildOperationFiringBuildWorkerExecutor$ExecuteTasks.call(BuildOperationFiringBuildWorkerExecutor.java:43)
	at org.gradle.internal.operations.DefaultBuildOperationRunner$CallableBuildOperationWorker.execute(DefaultBuildOperationRunner.java:209)
	at org.gradle.internal.operations.DefaultBuildOperationRunner$CallableBuildOperationWorker.execute(DefaultBuildOperationRunner.java:204)
	at org.gradle.internal.operations.DefaultBuildOperationRunner$2.execute(DefaultBuildOperationRunner.java:66)
	at org.gradle.internal.operations.DefaultBuildOperationRunner$2.execute(DefaultBuildOperationRunner.java:59)
	at org.gradle.internal.operations.DefaultBuildOperationRunner.execute(DefaultBuildOperationRunner.java:166)
	at org.gradle.internal.operations.DefaultBuildOperationRunner.execute(DefaultBuildOperationRunner.java:59)
	at org.gradle.internal.operations.DefaultBuildOperationRunner.call(DefaultBuildOperationRunner.java:53)
	at org.gradle.execution.BuildOperationFiringBuildWorkerExecutor.execute(BuildOperationFiringBuildWorkerExecutor.java:40)
	at org.gradle.internal.build.DefaultBuildLifecycleController.lambda$executeTasks$10(DefaultBuildLifecycleController.java:313)
	at org.gradle.internal.model.StateTransitionController.doTransition(StateTransitionController.java:276)
	at org.gradle.internal.model.StateTransitionController.lambda$tryTransition$8(StateTransitionController.java:187)
	at org.gradle.internal.work.DefaultSynchronizer.withLock(DefaultSynchronizer.java:45)
	at org.gradle.internal.model.StateTransitionController.tryTransition(StateTransitionController.java:187)
	at org.gradle.internal.build.DefaultBuildLifecycleController.executeTasks(DefaultBuildLifecycleController.java:304)
	at org.gradle.internal.build.DefaultBuildWorkGraphController$DefaultBuildWorkGraph.runWork(DefaultBuildWorkGraphController.java:220)
	at org.gradle.internal.work.DefaultWorkerLeaseService.lambda$withLocksAcquired$0(DefaultWorkerLeaseService.java:269)
	at org.gradle.internal.work.ResourceLockStatistics$1.measure(ResourceLockStatistics.java:42)
	at org.gradle.internal.work.DefaultWorkerLeaseService.withLocksAcquired(DefaultWorkerLeaseService.java:267)
	at org.gradle.internal.work.DefaultWorkerLeaseService.withLocks(DefaultWorkerLeaseService.java:259)
	at org.gradle.internal.work.DefaultWorkerLeaseService.runAsWorkerThread(DefaultWorkerLeaseService.java:127)
	at org.gradle.composite.internal.DefaultBuildController.doRun(DefaultBuildController.java:181)
	at org.gradle.composite.internal.DefaultBuildController.access$000(DefaultBuildController.java:50)
	at org.gradle.composite.internal.DefaultBuildController$BuildOpRunnable.lambda$run$0(DefaultBuildController.java:198)
	at org.gradle.internal.operations.CurrentBuildOperationRef.with(CurrentBuildOperationRef.java:84)
	at org.gradle.composite.internal.DefaultBuildController$BuildOpRunnable.run(DefaultBuildController.java:198)
	at org.gradle.internal.concurrent.ExecutorPolicy$CatchAndRecordFailures.onExecute(ExecutorPolicy.java:64)
	at org.gradle.internal.concurrent.AbstractManagedExecutor$1.run(AbstractManagedExecutor.java:47)
Caused by: org.gradle.api.internal.tasks.compile.CompilationFailedException: Compilation failed; see the compiler output below.
/home/isp/wsps/cyf/.worktrees/juyiting-multimedia-deliberation-20260928/api-inspection-owner-20261002/chat/jia-chat-service/src/main/java/cn/jia/chat/service/TypedInspectionFinalValidator.java:300: 错误: 找不到符号
        Object authorization = raw.get("authorizationId"), manifestDigest = raw.get("manifestDigest"), sourcesValue = raw.get("sources");
                               ^
  符号:   变量 raw
  位置: 类 TypedInspectionFinalValidator
/home/isp/wsps/cyf/.worktrees/juyiting-multimedia-deliberation-20260928/api-inspection-owner-20261002/chat/jia-chat-service/src/main/java/cn/jia/chat/service/TypedInspectionFinalValidator.java:300: 错误: 找不到符号
        Object authorization = raw.get("authorizationId"), manifestDigest = raw.get("manifestDigest"), sourcesValue = raw.get("sources");
                                                                            ^
  符号:   变量 raw
  位置: 类 TypedInspectionFinalValidator
/home/isp/wsps/cyf/.worktrees/juyiting-multimedia-deliberation-20260928/api-inspection-owner-20261002/chat/jia-chat-service/src/main/java/cn/jia/chat/service/TypedInspectionFinalValidator.java:300: 错误: 找不到符号
        Object authorization = raw.get("authorizationId"), manifestDigest = raw.get("manifestDigest"), sourcesValue = raw.get("sources");
                                                                                                                      ^
  符号:   变量 raw
  位置: 类 TypedInspectionFinalValidator
/home/isp/wsps/cyf/.worktrees/juyiting-multimedia-deliberation-20260928/api-inspection-owner-20261002/chat/jia-chat-service/src/main/java/cn/jia/chat/service/TypedInspectionFinalValidator.java:310: 错误: 找不到符号
            String id = string(source.get("sourceRefId"), Reason.INVALID_RECEIPT);
                               ^
  符号:   变量 source
  位置: 类 TypedInspectionFinalValidator
/home/isp/wsps/cyf/.worktrees/juyiting-multimedia-deliberation-20260928/api-inspection-owner-20261002/chat/jia-chat-service/src/main/java/cn/jia/chat/service/TypedInspectionFinalValidator.java:311: 错误: 找不到符号
            String sha = string(source.get("sha256"), Reason.INVALID_RECEIPT);
                                ^
  符号:   变量 source
  位置: 类 TypedInspectionFinalValidator
/home/isp/wsps/cyf/.worktrees/juyiting-multimedia-deliberation-20260928/api-inspection-owner-20261002/chat/jia-chat-service/src/main/java/cn/jia/chat/service/TypedInspectionFinalValidator.java:312: 错误: 找不到符号
            String bytes = string(source.get("byteLength"), Reason.INVALID_RECEIPT);
                                  ^
  符号:   变量 source
  位置: 类 TypedInspectionFinalValidator
/home/isp/wsps/cyf/.worktrees/juyiting-multimedia-deliberation-20260928/api-inspection-owner-20261002/chat/jia-chat-service/src/main/java/cn/jia/chat/service/TypedInspectionFinalValidator.java:313: 错误: 找不到符号
            String mime = string(source.get("mimeType"), Reason.INVALID_RECEIPT);
                                 ^
  符号:   变量 source
  位置: 类 TypedInspectionFinalValidator
/home/isp/wsps/cyf/.worktrees/juyiting-multimedia-deliberation-20260928/api-inspection-owner-20261002/chat/jia-chat-service/src/main/java/cn/jia/chat/service/TypedInspectionFinalValidator.java:314: 错误: 找不到符号
            String carrier = string(source.get("carrier"), Reason.INVALID_RECEIPT);
                                    ^
  符号:   变量 source
  位置: 类 TypedInspectionFinalValidator
/home/isp/wsps/cyf/.worktrees/juyiting-multimedia-deliberation-20260928/api-inspection-owner-20261002/chat/jia-chat-service/src/main/java/cn/jia/chat/service/TypedInspectionFinalValidator.java:315: 错误: 找不到符号
            String carrierDigest = string(source.get("carrierContractDigest"), Reason.INVALID_RECEIPT);
                                          ^
  符号:   变量 source
  位置: 类 TypedInspectionFinalValidator
注: 某些输入文件使用或覆盖了已过时的 API。
注: 有关详细信息, 请使用 -Xlint:deprecation 重新编译。
注: 某些输入文件使用了未经检查或不安全的操作。
注: 有关详细信息, 请使用 -Xlint:unchecked 重新编译。
9 个错误
	at org.gradle.api.internal.tasks.compile.JdkJavaCompiler.execute(JdkJavaCompiler.java:89)
	at org.gradle.api.internal.tasks.compile.JdkJavaCompiler.execute(JdkJavaCompiler.java:50)
	at org.gradle.api.internal.tasks.compile.NormalizingJavaCompiler.delegateAndHandleErrors(NormalizingJavaCompiler.java:98)
	at org.gradle.api.internal.tasks.compile.NormalizingJavaCompiler.execute(NormalizingJavaCompiler.java:52)
	at org.gradle.api.internal.tasks.compile.NormalizingJavaCompiler.execute(NormalizingJavaCompiler.java:38)
	at org.gradle.api.internal.tasks.compile.AnnotationProcessorDiscoveringCompiler.execute(AnnotationProcessorDiscoveringCompiler.java:52)
	at org.gradle.api.internal.tasks.compile.AnnotationProcessorDiscoveringCompiler.execute(AnnotationProcessorDiscoveringCompiler.java:38)
	at org.gradle.api.internal.tasks.compile.ModuleApplicationNameWritingCompiler.execute(ModuleApplicationNameWritingCompiler.java:46)
	at org.gradle.api.internal.tasks.compile.ModuleApplicationNameWritingCompiler.execute(ModuleApplicationNameWritingCompiler.java:36)
	at org.gradle.jvm.toolchain.internal.DefaultToolchainJavaCompiler.execute(DefaultToolchainJavaCompiler.java:57)
	at org.gradle.api.tasks.compile.JavaCompile.lambda$createToolchainCompiler$3(JavaCompile.java:206)
	at org.gradle.api.internal.tasks.compile.CleaningJavaCompiler.execute(CleaningJavaCompiler.java:53)
	at org.gradle.api.internal.tasks.compile.incremental.IncrementalCompilerFactory.lambda$createRebuildAllCompiler$0(IncrementalCompilerFactory.java:55)
	at org.gradle.api.internal.tasks.compile.incremental.SelectiveCompiler.execute(SelectiveCompiler.java:70)
	at org.gradle.api.internal.tasks.compile.incremental.SelectiveCompiler.execute(SelectiveCompiler.java:44)
	at org.gradle.api.internal.tasks.compile.incremental.IncrementalResultStoringCompiler.execute(IncrementalResultStoringCompiler.java:66)
	at org.gradle.api.internal.tasks.compile.incremental.IncrementalResultStoringCompiler.execute(IncrementalResultStoringCompiler.java:52)
	at org.gradle.api.internal.tasks.compile.CompileJavaBuildOperationReportingCompiler$1.call(CompileJavaBuildOperationReportingCompiler.java:64)
	at org.gradle.api.internal.tasks.compile.CompileJavaBuildOperationReportingCompiler$1.call(CompileJavaBuildOperationReportingCompiler.java:48)
	at org.gradle.internal.operations.DefaultBuildOperationRunner$CallableBuildOperationWorker.execute(DefaultBuildOperationRunner.java:209)
	at org.gradle.internal.operations.DefaultBuildOperationRunner$CallableBuildOperationWorker.execute(DefaultBuildOperationRunner.java:204)
	at org.gradle.internal.operations.DefaultBuildOperationRunner$2.execute(DefaultBuildOperationRunner.java:66)
	at org.gradle.internal.operations.DefaultBuildOperationRunner$2.execute(DefaultBuildOperationRunner.java:59)
	at org.gradle.internal.operations.DefaultBuildOperationRunner.execute(DefaultBuildOperationRunner.java:166)
	at org.gradle.internal.operations.DefaultBuildOperationRunner.execute(DefaultBuildOperationRunner.java:59)
	at org.gradle.internal.operations.DefaultBuildOperationRunner.call(DefaultBuildOperationRunner.java:53)
	at org.gradle.api.internal.tasks.compile.CompileJavaBuildOperationReportingCompiler.execute(CompileJavaBuildOperationReportingCompiler.java:48)
	at org.gradle.api.tasks.compile.JavaCompile.performCompilation(JavaCompile.java:224)
	at org.gradle.api.tasks.compile.JavaCompile.performIncrementalCompilation(JavaCompile.java:165)
	at org.gradle.api.tasks.compile.JavaCompile.compile(JavaCompile.java:150)
	at org.gradle.internal.reflect.JavaMethod.invoke(JavaMethod.java:125)
	at org.gradle.api.internal.project.taskfactory.IncrementalTaskAction.doExecute(IncrementalTaskAction.java:45)
	at org.gradle.api.internal.project.taskfactory.StandardTaskAction.execute(StandardTaskAction.java:51)
	at org.gradle.api.internal.project.taskfactory.IncrementalTaskAction.execute(IncrementalTaskAction.java:26)
	at org.gradle.api.internal.project.taskfactory.StandardTaskAction.execute(StandardTaskAction.java:29)
	at org.gradle.api.internal.tasks.execution.TaskExecution$3.run(TaskExecution.java:259)
	at org.gradle.internal.operations.DefaultBuildOperationRunner$1.execute(DefaultBuildOperationRunner.java:29)
	at org.gradle.internal.operations.DefaultBuildOperationRunner$1.execute(DefaultBuildOperationRunner.java:26)
	at org.gradle.internal.operations.DefaultBuildOperationRunner$2.execute(DefaultBuildOperationRunner.java:66)
	at org.gradle.internal.operations.DefaultBuildOperationRunner$2.execute(DefaultBuildOperationRunner.java:59)
	at org.gradle.internal.operations.DefaultBuildOperationRunner.execute(DefaultBuildOperationRunner.java:166)
	at org.gradle.internal.operations.DefaultBuildOperationRunner.execute(DefaultBuildOperationRunner.java:59)
	at org.gradle.internal.operations.DefaultBuildOperationRunner.run(DefaultBuildOperationRunner.java:47)
	at org.gradle.api.internal.tasks.execution.TaskExecution.executeAction(TaskExecution.java:244)
	at org.gradle.api.internal.tasks.execution.TaskExecution.executeActions(TaskExecution.java:227)
	at org.gradle.api.internal.tasks.execution.TaskExecution.executeWithPreviousOutputFiles(TaskExecution.java:210)
	at org.gradle.api.internal.tasks.execution.TaskExecution.execute(TaskExecution.java:176)
	at org.gradle.internal.execution.steps.ExecuteStep.executeInternal(ExecuteStep.java:110)
	at org.gradle.internal.execution.steps.ExecuteStep.access$000(ExecuteStep.java:47)
	at org.gradle.internal.execution.steps.ExecuteStep$1.call(ExecuteStep.java:64)
	at org.gradle.internal.execution.steps.ExecuteStep$1.call(ExecuteStep.java:61)
	at org.gradle.internal.operations.DefaultBuildOperationRunner$CallableBuildOperationWorker.execute(DefaultBuildOperationRunner.java:209)
	at org.gradle.internal.operations.DefaultBuildOperationRunner$CallableBuildOperationWorker.execute(DefaultBuildOperationRunner.java:204)
	at org.gradle.internal.operations.DefaultBuildOperationRunner$2.execute(DefaultBuildOperationRunner.java:66)
	at org.gradle.internal.operations.DefaultBuildOperationRunner$2.execute(DefaultBuildOperationRunner.java:59)
	at org.gradle.internal.operations.DefaultBuildOperationRunner.execute(DefaultBuildOperationRunner.java:166)
	at org.gradle.internal.operations.DefaultBuildOperationRunner.execute(DefaultBuildOperationRunner.java:59)
	at org.gradle.internal.operations.DefaultBuildOperationRunner.call(DefaultBuildOperationRunner.java:53)
	at org.gradle.internal.execution.steps.ExecuteStep.execute(ExecuteStep.java:61)
	at org.gradle.internal.execution.steps.ExecuteStep.execute(ExecuteStep.java:47)
	at org.gradle.internal.execution.steps.CancelExecutionStep.execute(CancelExecutionStep.java:42)
	at org.gradle.internal.execution.steps.TimeoutStep.executeWithoutTimeout(TimeoutStep.java:75)
	at org.gradle.internal.execution.steps.TimeoutStep.execute(TimeoutStep.java:55)
	at org.gradle.internal.execution.steps.PreCreateOutputParentsStep.execute(PreCreateOutputParentsStep.java:51)
	at org.gradle.internal.execution.steps.PreCreateOutputParentsStep.execute(PreCreateOutputParentsStep.java:29)
	at org.gradle.internal.execution.steps.RemovePreviousOutputsStep.executeMutable(RemovePreviousOutputsStep.java:70)
	at org.gradle.internal.execution.steps.RemovePreviousOutputsStep.executeMutable(RemovePreviousOutputsStep.java:40)
	at org.gradle.internal.execution.steps.MutableStep.execute(MutableStep.java:25)
	at org.gradle.internal.execution.steps.BroadcastChangingOutputsStep.execute(BroadcastChangingOutputsStep.java:62)
	at org.gradle.internal.execution.steps.BroadcastChangingOutputsStep.execute(BroadcastChangingOutputsStep.java:27)
	at org.gradle.internal.execution.steps.CaptureOutputsAfterExecutionStep.execute(CaptureOutputsAfterExecutionStep.java:69)
	at org.gradle.internal.execution.steps.CaptureOutputsAfterExecutionStep.execute(CaptureOutputsAfterExecutionStep.java:46)
	at org.gradle.internal.execution.steps.ResolveInputChangesStep.executeMutable(ResolveInputChangesStep.java:39)
	at org.gradle.internal.execution.steps.ResolveInputChangesStep.executeMutable(ResolveInputChangesStep.java:28)
	at org.gradle.internal.execution.steps.MutableStep.execute(MutableStep.java:25)
	at org.gradle.internal.execution.steps.BuildCacheStep.executeWithoutCache(BuildCacheStep.java:192)
	at org.gradle.internal.execution.steps.BuildCacheStep.lambda$execute$1(BuildCacheStep.java:76)
	at org.gradle.internal.Either$Right.fold(Either.java:176)
	at org.gradle.internal.execution.caching.CachingState.fold(CachingState.java:62)
	at org.gradle.internal.execution.steps.BuildCacheStep.execute(BuildCacheStep.java:74)
	at org.gradle.internal.execution.steps.BuildCacheStep.execute(BuildCacheStep.java:49)
	at org.gradle.internal.execution.steps.StoreExecutionStateStep.execute(StoreExecutionStateStep.java:46)
	at org.gradle.internal.execution.steps.StoreExecutionStateStep.execute(StoreExecutionStateStep.java:35)
	at org.gradle.internal.execution.steps.SkipUpToDateStep.executeBecause(SkipUpToDateStep.java:75)
	at org.gradle.internal.execution.steps.SkipUpToDateStep.lambda$execute$2(SkipUpToDateStep.java:53)
	at org.gradle.internal.execution.steps.SkipUpToDateStep.execute(SkipUpToDateStep.java:53)
	at org.gradle.internal.execution.steps.SkipUpToDateStep.execute(SkipUpToDateStep.java:35)
	at org.gradle.internal.execution.steps.legacy.MarkSnapshottingInputsFinishedStep.execute(MarkSnapshottingInputsFinishedStep.java:37)
	at org.gradle.internal.execution.steps.legacy.MarkSnapshottingInputsFinishedStep.execute(MarkSnapshottingInputsFinishedStep.java:27)
	at org.gradle.internal.execution.steps.ResolveIncrementalCachingStateStep.executeDelegate(ResolveIncrementalCachingStateStep.java:49)
	at org.gradle.internal.execution.steps.ResolveIncrementalCachingStateStep.executeDelegate(ResolveIncrementalCachingStateStep.java:27)
	at org.gradle.internal.execution.steps.AbstractResolveCachingStateStep.execute(AbstractResolveCachingStateStep.java:71)
	at org.gradle.internal.execution.steps.AbstractResolveCachingStateStep.execute(AbstractResolveCachingStateStep.java:39)
	at org.gradle.internal.execution.steps.ResolveChangesStep.executeMutable(ResolveChangesStep.java:63)
	at org.gradle.internal.execution.steps.ResolveChangesStep.executeMutable(ResolveChangesStep.java:34)
	at org.gradle.internal.execution.steps.MutableStep.execute(MutableStep.java:25)
	at org.gradle.internal.execution.steps.ValidateStep.execute(ValidateStep.java:64)
	at org.gradle.internal.execution.steps.ValidateStep.execute(ValidateStep.java:42)
	at org.gradle.internal.execution.steps.AbstractCaptureStateBeforeExecutionStep.execute(AbstractCaptureStateBeforeExecutionStep.java:77)
	at org.gradle.internal.execution.steps.AbstractCaptureStateBeforeExecutionStep.execute(AbstractCaptureStateBeforeExecutionStep.java:46)
	at org.gradle.internal.execution.steps.AbstractSkipEmptyWorkStep.executeWithNonEmptySources(AbstractSkipEmptyWorkStep.java:133)
	at org.gradle.internal.execution.steps.AbstractSkipEmptyWorkStep.execute(AbstractSkipEmptyWorkStep.java:64)
	at org.gradle.internal.execution.steps.AbstractSkipEmptyWorkStep.execute(AbstractSkipEmptyWorkStep.java:36)
	at org.gradle.internal.execution.steps.legacy.MarkSnapshottingInputsStartedStep.execute(MarkSnapshottingInputsStartedStep.java:38)
	at org.gradle.internal.execution.steps.LoadPreviousExecutionStateStep.execute(LoadPreviousExecutionStateStep.java:36)
	at org.gradle.internal.execution.steps.LoadPreviousExecutionStateStep.execute(LoadPreviousExecutionStateStep.java:23)
	at org.gradle.internal.execution.steps.HandleStaleOutputsStep.executeMutable(HandleStaleOutputsStep.java:77)
	at org.gradle.internal.execution.steps.HandleStaleOutputsStep.executeMutable(HandleStaleOutputsStep.java:43)
	at org.gradle.internal.execution.steps.MutableStep.execute(MutableStep.java:25)
	at org.gradle.internal.execution.steps.AssignMutableWorkspaceStep.lambda$execute$0(AssignMutableWorkspaceStep.java:35)
	at org.gradle.api.internal.tasks.execution.TaskExecution$4.withWorkspace(TaskExecution.java:305)
	at org.gradle.internal.execution.steps.AssignMutableWorkspaceStep.execute(AssignMutableWorkspaceStep.java:31)
	at org.gradle.internal.execution.steps.AssignMutableWorkspaceStep.execute(AssignMutableWorkspaceStep.java:22)
	at org.gradle.internal.execution.steps.ChoosePipelineStep.execute(ChoosePipelineStep.java:40)
	at org.gradle.internal.execution.steps.ChoosePipelineStep.execute(ChoosePipelineStep.java:23)
	at org.gradle.internal.execution.steps.ExecuteWorkBuildOperationFiringStep.lambda$execute$2(ExecuteWorkBuildOperationFiringStep.java:67)
	at org.gradle.internal.execution.steps.ExecuteWorkBuildOperationFiringStep.execute(ExecuteWorkBuildOperationFiringStep.java:67)
	at org.gradle.internal.execution.steps.ExecuteWorkBuildOperationFiringStep.execute(ExecuteWorkBuildOperationFiringStep.java:39)
	at org.gradle.internal.execution.steps.IdentityCacheStep.execute(IdentityCacheStep.java:46)
	at org.gradle.internal.execution.steps.IdentityCacheStep.execute(IdentityCacheStep.java:34)
	at org.gradle.internal.execution.steps.IdentifyStep.execute(IdentifyStep.java:44)
	at org.gradle.internal.execution.steps.IdentifyStep.execute(IdentifyStep.java:31)
	at org.gradle.internal.execution.impl.DefaultExecutionEngine$1.execute(DefaultExecutionEngine.java:68)
	at org.gradle.api.internal.tasks.execution.ExecuteActionsTaskExecuter.executeIfValid(ExecuteActionsTaskExecuter.java:132)
	... 61 more


Deprecated Gradle features were used in this build, making it incompatible with Gradle 10.

You can use '--warning-mode all' to show the individual deprecation warnings and determine if they come from your own scripts or plugins.

For more on this, please refer to https://docs.gradle.org/9.3.1/userguide/command_line_interface.html#sec:command_line_warnings in the Gradle documentation.

BUILD FAILED in 2m 4s
40 actionable tasks: 40 executed
RESOURCE_OBSERVATION {"admission_gate": "disabled_by_user_2026-08-28", "disk_available_bytes": 4401655808, "gradle_label": "standard", "inode_available": 2324858, "mem_available_bytes": 1290801152, "swap_free_bytes": 352706560, "telemetry_errors": []}
NOTIFY {"at": "2026-10-02T01:48:50+08:00", "details": {"current_gate": "targeted_verification", "exit": 1}, "event": "abnormality", "next_action": "Run the fail command with evidence/root cause/remediation before any retry.", "notification_id": "c7b813e294b2489bbb135ffe13f6ccf0338420f45c3b02ac757bd124a4bed410", "task_id": "MMD-U2-DISCUSSION-INSPECT-CLOSURE-PREP-20261001"}
